EM_ID,UCMC,Date,Year,Month,Ordinal day,Sample,Week,Site,Plot,Plant,Plant species name,Plant common name,Plant family,Insect Order,Insect family,Insect species name,Insect notes,Interaction,Notes,PA,Order
EM01423,,7/29/16,2016,7,211,2016-7-29-P2,9,Elk M.,2,ACHLAN,Achillea millefolium,Common Yarrow,Asteraceae,Hymenoptera,Apidae,Bombus bifarius,female,Bombus bifarius-Achillea millefolium,,1,111
EM01912,,7/11/18,2018,7,192,2018-7-11-P3,8,Elk M.,3,ACHLAN,Achillea millefolium,Common Yarrow,Asteraceae,Hymenoptera,Apidae,Bombus bifarius,worker,Bombus bifarius-Achillea millefolium,,1,3273
,,7/11/18,2018,7,192,2018-7-11-P3,8,Elk M.,3,ACHLAN,Achillea millefolium,Common Yarrow,Asteraceae,Hymenoptera,Apidae,Bombus bifarius,worker,Bombus bifarius-Achillea millefolium,,1,3274
EM01990,,8/10/18,2018,8,222,2018-8-10-P4,12,Elk M.,4,ACHLAN,Achillea millefolium,Common Yarrow,Asteraceae,Hymenoptera,Apidae,Bombus bifarius,worker,Bombus bifarius-Achillea millefolium,,1,3599
EM01990,,8/10/18,2018,8,222,2018-8-10-P4,12,Elk M.,4,ACHLAN,Achillea millefolium,Common Yarrow,Asteraceae,Hymenoptera,Apidae,Bombus bifarius,worker,Bombus bifarius-Achillea millefolium,,1,3600
EM01991,,8/10/18,2018,8,222,2018-8-10-P5,12,Elk M.,5,ACHLAN,Achillea millefolium,Common Yarrow,Asteraceae,Hymenoptera,Apidae,Bombus bifarius,worker,Bombus bifarius-Achillea millefolium,,1,3601
EM01908,,7/11/18,2018,7,192,2018-7-11-P3,8,Elk M.,3,ACHLAN,Achillea millefolium,Common Yarrow,Asteraceae,Hymenoptera,Apidae,Bombus flavifrons,,Bombus flavifrons-Achillea millefolium,,1,3268
EM01969,,8/4/18,2018,8,216,2018-8-4-P4,11,Elk M.,4,ACHLAN,Achillea millefolium,Common Yarrow,Asteraceae,Hymenoptera,Apidae,Bombus insularis,male,Bombus insularis-Achillea millefolium,,1,3486
EM01680,,8/8/17,2017,8,220,2017-8-8-P1,12,Elk M.,1,ACHLAN,Achillea millefolium,Common Yarrow,Asteraceae,Hymenoptera,Apidae,Bombus mixtus,worker,Bombus mixtus-Achillea millefolium,,1,156
EM01989,,8/10/18,2018,8,222,2018-8-10-P2,12,Elk M.,2,ACHLAN,Achillea millefolium,Common Yarrow,Asteraceae,Hymenoptera,Apidae,Bombus sylvicola,male,Bombus sylvicola-Achillea millefolium,,1,3596
,,8/20/19,2019,8,232,2019-8-20-P4,11,Elk M.,4,ASTPOR,Aster porteri,Smooth White Aster,Asteraceae,Hymenoptera,Apidae,Bombus bifarius,,Bombus bifarius-Aster porteri,,1,4111
,,9/9/19,2019,9,252,2019-9-9-P5,14,Elk M.,5,ASTPOR,Aster porteri,Smooth White Aster,Asteraceae,Hymenoptera,Apidae,Bombus bifarius,,Bombus bifarius-Aster porteri,,1,4290
EM02148,,9/2/19,2019,9,245,2019-9-2-P3,13,Elk M.,3,ASTPOR,Aster porteri,Smooth White Aster,Asteraceae,Hymenoptera,Apidae,Bombus rufocinctus,,Bombus rufocinctus-Aster porteri,,1,4358
EM01946,,7/25/18,2018,7,206,2018-7-25-P2,10,Elk M.,2,CAMROT,Campanula rotundifolia,Harebell,Campanulaceae,Hymenoptera,Apidae,Bombus bifarius,worker,Bombus bifarius-Campanula rotundifolia,,1,3375
EM01958,,7/25/18,2018,7,206,2018-7-25-P3,10,Elk M.,3,CAMROT,Campanula rotundifolia,Harebell,Campanulaceae,Hymenoptera,Apidae,Bombus bifarius,worker,Bombus bifarius-Campanula rotundifolia,,1,3440
,,8/6/19,2019,8,218,2019-8-6-P3,9,Elk M.,3,CAMROT,Campanula rotundifolia,Harebell,Campanulaceae,Hymenoptera,Apidae,Bombus bifarius,male,Bombus bifarius-Campanula rotundifolia,,1,4387
,,8/11/19,2019,8,223,2019-8-11-P5,10,Elk M.,5,CAMROT,Campanula rotundifolia,Harebell,Campanulaceae,Hymenoptera,Apidae,Bombus bifarius,,Bombus bifarius-Campanula rotundifolia,,1,4067
,,8/26/19,2019,8,238,2019-8-26-P2,12,Elk M.,2,CAMROT,Campanula rotundifolia,Harebell,Campanulaceae,Hymenoptera,Apidae,Bombus bifarius,,Bombus bifarius-Campanula rotundifolia,,1,4185
EM01368,,7/8/16,2016,7,190,2016-7-8-P3,6,Elk M.,3,CAMROT,Campanula rotundifolia,Harebell,Campanulaceae,Hymenoptera,Apidae,Bombus flavifrons,,Bombus flavifrons-Campanula rotundifolia,,1,130
EM01442,,8/11/16,2016,8,224,2016-8-11-P1,11,Elk M.,1,CAMROT,Campanula rotundifolia,Harebell,Campanulaceae,Hymenoptera,Apidae,Bombus flavifrons,,Bombus flavifrons-Campanula rotundifolia,,1,132
,,8/6/19,2019,8,218,2019-8-6-P4,9,Elk M.,4,CAMROT,Campanula rotundifolia,Harebell,Campanulaceae,Hymenoptera,Apidae,Bombus flavifrons,,Bombus flavifrons-Campanula rotundifolia,,1,3982
,,8/6/19,2019,8,218,2019-8-6-P5,9,Elk M.,5,CAMROT,Campanula rotundifolia,Harebell,Campanulaceae,Hymenoptera,Apidae,Bombus flavifrons,,Bombus flavifrons-Campanula rotundifolia,,1,3980
EM01671,,7/31/17,2017,7,212,2017-7-31-P1,11,Elk M.,1,CAMROT,Campanula rotundifolia,Harebell,Campanulaceae,Hymenoptera,Apidae,Bombus mixtus,worker,Bombus mixtus-Campanula rotundifolia,,1,154
EM01700,,8/14/17,2017,8,226,2017-8-14-P6,13,Elk M.,6,CAMROT,Campanula rotundifolia,Harebell,Campanulaceae,Hymenoptera,Apidae,Bombus mixtus,worker,Bombus mixtus-Campanula rotundifolia,,1,159
,,8/6/19,2019,8,218,2019-8-6-P1,9,Elk M.,1,CAMROT,Campanula rotundifolia,Harebell,Campanulaceae,Hymenoptera,Apidae,Bombus mixtus,,Bombus mixtus-Campanula rotundifolia,,1,4390
EM01387,,7/15/16,2016,7,197,2016-7-15-P6,7,Elk M.,6,CAMROT,Campanula rotundifolia,Harebell,Campanulaceae,Hymenoptera,Apidae,Bombus rufocinctus,,Bombus rufocinctus-Campanula rotundifolia,,1,173
EM01427,,7/29/16,2016,7,211,2016-7-29-P3,9,Elk M.,3,CAMROT,Campanula rotundifolia,Harebell,Campanulaceae,Hymenoptera,Apidae,Bombus rufocinctus,,Bombus rufocinctus-Campanula rotundifolia,,1,174
EM01884,,7/6/18,2018,7,187,2018-7-6-P3,7,Elk M.,3,CAMROT,Campanula rotundifolia,Harebell,Campanulaceae,Hymenoptera,Apidae,Bombus rufocinctus,,Bombus rufocinctus-Campanula rotundifolia,,1,3226
EM01950,,7/25/18,2018,7,206,2018-7-25-P6,10,Elk M.,6,CAMROT,Campanula rotundifolia,Harebell,Campanulaceae,Hymenoptera,Apidae,Bombus rufocinctus,,Bombus rufocinctus-Campanula rotundifolia,,1,3391
EM01463b,,8/26/16,2016,8,239,2016-8-26-P4,13,Elk M.,4,CAMROT,Campanula rotundifolia,Harebell,Campanulaceae,Hymenoptera,Apidae,Bombus sylvicola,,Bombus sylvicola-Campanula rotundifolia,,1,176
EM01982,,8/10/18,2018,8,222,2018-8-10-P5,12,Elk M.,5,CASMIN,Castilleja miniata,Giant Red Indian Paintbrush,Orobanchaceae,Hymenoptera,Apidae,Bombus fervidus,,Bombus fervidus-Castilleja miniata,,1,3589
EM01421,,7/29/16,2016,7,211,2016-7-29-P2,9,Elk M.,2,CHAANG,Chamerion angustifolium,Fireweed,Onagraceae,Hymenoptera,Apidae,Bombus bifarius,male,Bombus bifarius-Chamerion angustifolium,,1,109
EM01970,,8/4/18,2018,8,216,2018-8-4-P2,11,Elk M.,2,CHAANG,Chamerion angustifolium,Fireweed,Onagraceae,Hymenoptera,Apidae,Bombus bifarius,worker,Bombus bifarius-Chamerion angustifolium,,1,3487
EM01936,,7/20/18,2018,7,201,2018-7-20-P5,9,Elk M.,5,CHAANG,Chamerion angustifolium,Fireweed,Onagraceae,Hymenoptera,Apidae,Bombus flavifrons,,Bombus flavifrons-Chamerion angustifolium,,1,3322
,,8/6/19,2019,8,218,2019-8-6-P2,9,Elk M.,2,CHAANG,Chamerion angustifolium,Fireweed,Onagraceae,Hymenoptera,Apidae,Bombus flavifrons,,Bombus flavifrons-Chamerion angustifolium,,1,3976
,,8/6/19,2019,8,218,2019-8-6-P5,9,Elk M.,5,CHAANG,Chamerion angustifolium,Fireweed,Onagraceae,Hymenoptera,Apidae,Bombus flavifrons,,Bombus flavifrons-Chamerion angustifolium,,1,3979
EM01973,,8/4/18,2018,8,216,2018-8-4-P2,11,Elk M.,2,CIRCEN,Cirsium centaureae,Fringed Thistle,Asteraceae,Hymenoptera,Apidae,Bombus bifarius,worker,Bombus bifarius-Cirsium centaureae,,1,3492
EM01993,,8/10/18,2018,8,222,2018-8-10-P2,12,Elk M.,2,CIRCEN,Cirsium centaureae,Fringed Thistle,Asteraceae,Hymenoptera,Apidae,Bombus bifarius,worker,Bombus bifarius-Cirsium centaureae,,1,3606
EM01406,,7/21/16,2016,7,203,2016-7-21-P1,8,Elk M.,1,CIRCEN,Cirsium centaureae,Fringed Thistle,Asteraceae,Hymenoptera,Apidae,Bombus flavifrons,,Bombus flavifrons-Cirsium centaureae,,1,131
EM01637,,7/17/17,2017,7,198,2017-7-17-P5,9,Elk M.,5,CIRCEN,Cirsium centaureae,Fringed Thistle,Asteraceae,Hymenoptera,Apidae,Bombus flavifrons,female,Bombus flavifrons-Cirsium centaureae,,1,135
EM01679,,7/31/17,2017,7,212,2017-7-31-P5,11,Elk M.,5,CIRCEN,Cirsium centaureae,Fringed Thistle,Asteraceae,Hymenoptera,Apidae,Bombus flavifrons,worker,Bombus flavifrons-Cirsium centaureae,,1,137
EM01661,,7/31/17,2017,7,212,2017-7-31-P6,11,Elk M.,6,CIRCEN,Cirsium centaureae,Fringed Thistle,Asteraceae,Hymenoptera,Apidae,Bombus flavifrons,worker,Bombus flavifrons-Cirsium centaureae,,1,136
EM01927,,7/20/18,2018,7,201,2018-7-20-P4,9,Elk M.,4,CIRCEN,Cirsium centaureae,Fringed Thistle,Asteraceae,Hymenoptera,Apidae,Bombus flavifrons,,Bombus flavifrons-Cirsium centaureae,,1,3305
EM01928,,7/20/18,2018,7,201,2018-7-20-P6,9,Elk M.,6,CIRCEN,Cirsium centaureae,Fringed Thistle,Asteraceae,Hymenoptera,Apidae,Bombus flavifrons,,Bombus flavifrons-Cirsium centaureae,,1,3306
EM01975,,8/4/18,2018,8,216,2018-8-4-P6,11,Elk M.,6,CIRCEN,Cirsium centaureae,Fringed Thistle,Asteraceae,Hymenoptera,Apidae,Bombus flavifrons,male,Bombus flavifrons-Cirsium centaureae,,1,3495
EM02162,,8/6/19,2019,8,218,2019-8-6-P4,9,Elk M.,4,CIRCEN,Cirsium centaureae,Fringed Thistle,Asteraceae,Hymenoptera,Apidae,Bombus flavifrons,male,Bombus flavifrons-Cirsium centaureae,,1,4389
EM01321,,6/18/16,2016,6,170,2016-6-18-P2,3,Elk M.,2,DODPUL,Dodecatheon pulchellum,Shootingstar,Primulaceae,Hymenoptera,Apidae,Bombus flavifrons,,Bombus flavifrons-Dodecatheon pulchellum,,1,129
EM01358,,7/8/16,2016,7,190,2016-7-8-P4,6,Elk M.,4,DRYFIS,Drymocallis fissa,Leafy Cinquefoil,Rosaceae,Hymenoptera,Apidae,Bombus bifarius,female,Bombus bifarius-Drymocallis fissa,,1,106
,,7/6/18,2018,7,187,2018-7-6-P1,7,Elk M.,1,DRYFIS,Drymocallis fissa,Leafy Cinquefoil,Rosaceae,Hymenoptera,Apidae,Bombus bifarius,worker,Bombus bifarius-Drymocallis fissa,,1,3213
EM01342,,7/3/16,2016,7,185,2016-7-3-P3,5,Elk M.,3,DRYFIS,Drymocallis fissa,Leafy Cinquefoil,Rosaceae,Hymenoptera,Apidae,Bombus melanopygus,,Bombus melanopygus-Drymocallis fissa,,1,146
EM01900,,7/11/18,2018,7,192,2018-7-11-P2,8,Elk M.,2,DRYFIS,Drymocallis fissa,Leafy Cinquefoil,Rosaceae,Hymenoptera,Apidae,Bombus melanopygus,,Bombus melanopygus-Drymocallis fissa,,1,3256
EM01874,,7/6/18,2018,7,187,2018-7-6-P2,7,Elk M.,2,DRYFIS,Drymocallis fissa,Leafy Cinquefoil,Rosaceae,Hymenoptera,Apidae,Bombus mixtus,,Bombus mixtus-Drymocallis fissa,,1,3214
EM02146,,9/2/19,2019,9,245,2019-9-2-P1,13,Elk M.,1,ERIEXI,Erigeron eximius,Splendid Daisy,Asteraceae,Hymenoptera,Apidae,Bombus fervidus,female,Bombus fervidus-Erigeron eximius,,1,4356
,,9/2/19,2019,9,245,2019-9-2-P1,13,Elk M.,1,ERIEXI,Erigeron eximius,Splendid Daisy,Asteraceae,Hymenoptera,Apidae,Bombus appositus,,Bombus appositus-Erigeron eximius,,1,4228
EM02010,,8/24/18,2018,8,236,2018-8-24-P1,14,Elk M.,1,ERIEXI,Erigeron eximius,Splendid Daisy,Asteraceae,Hymenoptera,Apidae,Bombus bifarius,worker,Bombus bifarius-Erigeron eximius,,1,3707
,,9/2/19,2019,9,245,2019-9-2-P1,13,Elk M.,1,ERIEXI,Erigeron eximius,Splendid Daisy,Asteraceae,Hymenoptera,Apidae,Bombus flavifrons,,Bombus flavifrons-Erigeron eximius,,1,4239
EM01955,,7/25/18,2018,7,206,2018-7-25-P1,10,Elk M.,1,ERIEXI,Erigeron eximius,Splendid Daisy,Asteraceae,Hymenoptera,Apidae,Bombus mixtus,,Bombus mixtus-Erigeron eximius,,1,3414
EM02140,,9/2/19,2019,9,245,2019-9-2-P1,13,Elk M.,1,ERIEXI,Erigeron eximius,Splendid Daisy,Asteraceae,Hymenoptera,Apidae,Bombus mixtus,female,Bombus mixtus-Erigeron eximius,,1,4350
EM01970,,8/4/18,2018,8,216,2018-8-4-P2,11,Elk M.,2,ERISPE,Erigeron speciosus,Aspen Fleabane,Asteraceae,Hymenoptera,Apidae,Bombus bifarius,worker,Bombus bifarius-Erigeron speciosus,,1,3488
EM01976,,8/4/18,2018,8,216,2018-8-4-P2,11,Elk M.,2,ERISPE,Erigeron speciosus,Aspen Fleabane,Asteraceae,Hymenoptera,Apidae,Bombus bifarius,worker,Bombus bifarius-Erigeron speciosus,,1,3496
EM01868,,7/6/18,2018,7,187,2018-7-6-P2,7,Elk M.,2,GERRIC,Geranium richardsonii,Richardson Geranium,Geraniaceae,Hymenoptera,Apidae,Bombus mixtus,,Bombus mixtus-Geranium richardsonii,,1,3207
EM01489,,9/9/16,2016,9,253,2016-9-9-P3,15,Elk M.,3,HETVIL,Heterotheca villosa,Hairy Goldenaster,Asteraceae,Hymenoptera,Apidae,Bombus fervidus,female,Bombus fervidus-Heterotheca villosa,,1,101
EM01420,,7/29/16,2016,7,211,2016-7-29-P5,9,Elk M.,5,HETVIL,Heterotheca villosa,Hairy Goldenaster,Asteraceae,Hymenoptera,Apidae,Bombus bifarius,male,Bombus bifarius-Heterotheca villosa,,1,108
EM01422,,7/29/16,2016,7,211,2016-7-29-P6,9,Elk M.,6,HETVIL,Heterotheca villosa,Hairy Goldenaster,Asteraceae,Hymenoptera,Apidae,Bombus bifarius,female,Bombus bifarius-Heterotheca villosa,,1,110
EM01434,,7/29/16,2016,7,211,2016-7-29-P6,9,Elk M.,6,HETVIL,Heterotheca villosa,Hairy Goldenaster,Asteraceae,Hymenoptera,Apidae,Bombus bifarius,female,Bombus bifarius-Heterotheca villosa,,1,112
EM01659,,7/31/17,2017,7,212,2017-7-31-P5,11,Elk M.,5,HETVIL,Heterotheca villosa,Hairy Goldenaster,Asteraceae,Hymenoptera,Apidae,Bombus bifarius,worker,Bombus bifarius-Heterotheca villosa,,1,115
EM01672,,7/31/17,2017,7,212,2017-7-31-P6,11,Elk M.,6,HETVIL,Heterotheca villosa,Hairy Goldenaster,Asteraceae,Hymenoptera,Apidae,Bombus bifarius,worker,Bombus bifarius-Heterotheca villosa,,1,116
EM01681,,8/8/17,2017,8,220,2017-8-8-P3,12,Elk M.,3,HETVIL,Heterotheca villosa,Hairy Goldenaster,Asteraceae,Hymenoptera,Apidae,Bombus bifarius,worker,Bombus bifarius-Heterotheca villosa,,1,117
EM01702,,8/14/17,2017,8,226,2017-8-14-P5,13,Elk M.,5,HETVIL,Heterotheca villosa,Hairy Goldenaster,Asteraceae,Hymenoptera,Apidae,Bombus bifarius,worker,Bombus bifarius-Heterotheca villosa,,1,118
EM01704,,8/14/17,2017,8,226,2017-8-14-P5,13,Elk M.,5,HETVIL,Heterotheca villosa,Hairy Goldenaster,Asteraceae,Hymenoptera,Apidae,Bombus bifarius,worker,Bombus bifarius-Heterotheca villosa,,1,119
EM01726,,8/22/17,2017,8,234,2017-8-22-P2,14,Elk M.,2,HETVIL,Heterotheca villosa,Hairy Goldenaster,Asteraceae,Hymenoptera,Apidae,Bombus bifarius,worker,Bombus bifarius-Heterotheca villosa,,1,123
EM01718,,8/22/17,2017,8,234,2017-8-22-P3,14,Elk M.,3,HETVIL,Heterotheca villosa,Hairy Goldenaster,Asteraceae,Hymenoptera,Apidae,Bombus bifarius,male,Bombus bifarius-Heterotheca villosa,,1,121
EM01715,,8/22/17,2017,8,234,2017-8-22-P6,14,Elk M.,6,HETVIL,Heterotheca villosa,Hairy Goldenaster,Asteraceae,Hymenoptera,Apidae,Bombus bifarius,male,Bombus bifarius-Heterotheca villosa,,1,120
EM01723,,8/22/17,2017,8,234,2017-8-22-P6,14,Elk M.,6,HETVIL,Heterotheca villosa,Hairy Goldenaster,Asteraceae,Hymenoptera,Apidae,Bombus bifarius,worker,Bombus bifarius-Heterotheca villosa,,1,122
EM01736,,8/30/17,2017,8,242,2017-8-30-P3,15,Elk M.,3,HETVIL,Heterotheca villosa,Hairy Goldenaster,Asteraceae,Hymenoptera,Apidae,Bombus bifarius,worker,Bombus bifarius-Heterotheca villosa,,1,124
EM01748,,9/6/17,2017,9,249,2017-9-6-P5,16,Elk M.,5,HETVIL,Heterotheca villosa,Hairy Goldenaster,Asteraceae,Hymenoptera,Apidae,Bombus bifarius,worker,Bombus bifarius-Heterotheca villosa,,1,125
EM01752,,9/6/17,2017,9,249,2017-9-6-P6,16,Elk M.,6,HETVIL,Heterotheca villosa,Hairy Goldenaster,Asteraceae,Hymenoptera,Apidae,Bombus bifarius,worker,Bombus bifarius-Heterotheca villosa,,1,126
,,7/20/18,2018,7,201,2018-7-20-P3,9,Elk M.,3,HETVIL,Heterotheca villosa,Hairy Goldenaster,Asteraceae,Hymenoptera,Apidae,Bombus bifarius,worker,Bombus bifarius-Heterotheca villosa,,1,3312
EM01960,,7/25/18,2018,7,206,2018-7-25-P3,10,Elk M.,3,HETVIL,Heterotheca villosa,Hairy Goldenaster,Asteraceae,Hymenoptera,Apidae,Bombus bifarius,worker,Bombus bifarius-Heterotheca villosa,,1,3459
EM01945,,7/25/18,2018,7,206,2018-7-25-P4,10,Elk M.,4,HETVIL,Heterotheca villosa,Hairy Goldenaster,Asteraceae,Hymenoptera,Apidae,Bombus bifarius,worker,Bombus bifarius-Heterotheca villosa,,1,3374
EM01965,,7/25/18,2018,7,206,2018-7-25-P5,10,Elk M.,5,HETVIL,Heterotheca villosa,Hairy Goldenaster,Asteraceae,Hymenoptera,Apidae,Bombus bifarius,worker,Bombus bifarius-Heterotheca villosa,,1,3467
EM01948,,7/25/18,2018,7,206,2018-7-25-P6,10,Elk M.,6,HETVIL,Heterotheca villosa,Hairy Goldenaster,Asteraceae,Hymenoptera,Apidae,Bombus bifarius,worker,Bombus bifarius-Heterotheca villosa,,1,3386
EM01971,,8/4/18,2018,8,216,2018-8-4-P3,11,Elk M.,3,HETVIL,Heterotheca villosa,Hairy Goldenaster,Asteraceae,Hymenoptera,Apidae,Bombus bifarius,worker,Bombus bifarius-Heterotheca villosa,,1,3489
EM01968,,8/4/18,2018,8,216,2018-8-4-P4,11,Elk M.,4,HETVIL,Heterotheca villosa,Hairy Goldenaster,Asteraceae,Hymenoptera,Apidae,Bombus bifarius,worker,Bombus bifarius-Heterotheca villosa,,1,3485
EM01974,,8/4/18,2018,8,216,2018-8-4-P4,11,Elk M.,4,HETVIL,Heterotheca villosa,Hairy Goldenaster,Asteraceae,Hymenoptera,Apidae,Bombus bifarius,worker,Bombus bifarius-Heterotheca villosa,,1,3494
EM01972,,8/4/18,2018,8,216,2018-8-4-P5,11,Elk M.,5,HETVIL,Heterotheca villosa,Hairy Goldenaster,Asteraceae,Hymenoptera,Apidae,Bombus bifarius,worker,Bombus bifarius-Heterotheca villosa,,1,3490
EM01977,,8/4/18,2018,8,216,2018-8-4-P6,11,Elk M.,6,HETVIL,Heterotheca villosa,Hairy Goldenaster,Asteraceae,Hymenoptera,Apidae,Bombus bifarius,worker,Bombus bifarius-Heterotheca villosa,,1,3502
EM01978,,8/4/18,2018,8,216,2018-8-4-P6,11,Elk M.,6,HETVIL,Heterotheca villosa,Hairy Goldenaster,Asteraceae,Hymenoptera,Apidae,Bombus bifarius,worker,Bombus bifarius-Heterotheca villosa,,1,3503
EM01987,,8/10/18,2018,8,222,2018-8-10-P3,12,Elk M.,3,HETVIL,Heterotheca villosa,Hairy Goldenaster,Asteraceae,Hymenoptera,Apidae,Bombus bifarius,worker,Bombus bifarius-Heterotheca villosa,,1,3594
EM01992,,8/10/18,2018,8,222,2018-8-10-P3,12,Elk M.,3,HETVIL,Heterotheca villosa,Hairy Goldenaster,Asteraceae,Hymenoptera,Apidae,Bombus bifarius,worker,Bombus bifarius-Heterotheca villosa,,1,3602
EM01992,,8/10/18,2018,8,222,2018-8-10-P3,12,Elk M.,3,HETVIL,Heterotheca villosa,Hairy Goldenaster,Asteraceae,Hymenoptera,Apidae,Bombus bifarius,worker,Bombus bifarius-Heterotheca villosa,,1,3603
EM01992,,8/10/18,2018,8,222,2018-8-10-P3,12,Elk M.,3,HETVIL,Heterotheca villosa,Hairy Goldenaster,Asteraceae,Hymenoptera,Apidae,Bombus bifarius,worker,Bombus bifarius-Heterotheca villosa,,1,3604
EM01992,,8/10/18,2018,8,222,2018-8-10-P3,12,Elk M.,3,HETVIL,Heterotheca villosa,Hairy Goldenaster,Asteraceae,Hymenoptera,Apidae,Bombus bifarius,worker,Bombus bifarius-Heterotheca villosa,,1,3605
EM01994,,8/10/18,2018,8,222,2018-8-10-P3,12,Elk M.,3,HETVIL,Heterotheca villosa,Hairy Goldenaster,Asteraceae,Hymenoptera,Apidae,Bombus bifarius,worker,Bombus bifarius-Heterotheca villosa,,1,3608
EM01990,,8/10/18,2018,8,222,2018-8-10-P4,12,Elk M.,4,HETVIL,Heterotheca villosa,Hairy Goldenaster,Asteraceae,Hymenoptera,Apidae,Bombus bifarius,worker,Bombus bifarius-Heterotheca villosa,,1,3597
EM01990,,8/10/18,2018,8,222,2018-8-10-P4,12,Elk M.,4,HETVIL,Heterotheca villosa,Hairy Goldenaster,Asteraceae,Hymenoptera,Apidae,Bombus bifarius,worker,Bombus bifarius-Heterotheca villosa,,1,3598
EM01985,,8/10/18,2018,8,222,2018-8-10-P5,12,Elk M.,5,HETVIL,Heterotheca villosa,Hairy Goldenaster,Asteraceae,Hymenoptera,Apidae,Bombus bifarius,worker,Bombus bifarius-Heterotheca villosa,,1,3592
EM01995,,8/10/18,2018,8,222,2018-8-10-P5,12,Elk M.,5,HETVIL,Heterotheca villosa,Hairy Goldenaster,Asteraceae,Hymenoptera,Apidae,Bombus bifarius,worker,Bombus bifarius-Heterotheca villosa,,1,3609
EM02000,,8/16/18,2018,8,228,2018-8-16-P3,13,Elk M.,3,HETVIL,Heterotheca villosa,Hairy Goldenaster,Asteraceae,Hymenoptera,Apidae,Bombus bifarius,worker,Bombus bifarius-Heterotheca villosa,,1,3654
EM02001,,8/16/18,2018,8,228,2018-8-16-P3,13,Elk M.,3,HETVIL,Heterotheca villosa,Hairy Goldenaster,Asteraceae,Hymenoptera,Apidae,Bombus bifarius,worker,Bombus bifarius-Heterotheca villosa,,1,3655
EM02004,,8/16/18,2018,8,228,2018-8-16-P3,13,Elk M.,3,HETVIL,Heterotheca villosa,Hairy Goldenaster,Asteraceae,Hymenoptera,Apidae,Bombus bifarius,worker,Bombus bifarius-Heterotheca villosa,,1,3662
EM02005,,8/16/18,2018,8,228,2018-8-16-P4,13,Elk M.,4,HETVIL,Heterotheca villosa,Hairy Goldenaster,Asteraceae,Hymenoptera,Apidae,Bombus bifarius,worker,Bombus bifarius-Heterotheca villosa,,1,3666
,,8/16/18,2018,8,228,2018-8-16-P4,13,Elk M.,4,HETVIL,Heterotheca villosa,Hairy Goldenaster,Asteraceae,Hymenoptera,Apidae,Bombus bifarius,worker,Bombus bifarius-Heterotheca villosa,,1,3667
,,8/16/18,2018,8,228,2018-8-16-P4,13,Elk M.,4,HETVIL,Heterotheca villosa,Hairy Goldenaster,Asteraceae,Hymenoptera,Apidae,Bombus bifarius,worker,Bombus bifarius-Heterotheca villosa,,1,3668
,,8/16/18,2018,8,228,2018-8-16-P4,13,Elk M.,4,HETVIL,Heterotheca villosa,Hairy Goldenaster,Asteraceae,Hymenoptera,Apidae,Bombus bifarius,worker,Bombus bifarius-Heterotheca villosa,,1,3669
EM01999,,8/16/18,2018,8,228,2018-8-16-P6,13,Elk M.,6,HETVIL,Heterotheca villosa,Hairy Goldenaster,Asteraceae,Hymenoptera,Apidae,Bombus bifarius,worker,Bombus bifarius-Heterotheca villosa,,1,3653
EM02002,,8/16/18,2018,8,228,2018-8-16-P6,13,Elk M.,6,HETVIL,Heterotheca villosa,Hairy Goldenaster,Asteraceae,Hymenoptera,Apidae,Bombus bifarius,worker,Bombus bifarius-Heterotheca villosa,,1,3656
EM02017,,8/24/18,2018,8,236,2018-8-24-P2,14,Elk M.,2,HETVIL,Heterotheca villosa,Hairy Goldenaster,Asteraceae,Hymenoptera,Apidae,Bombus bifarius,worker,Bombus bifarius-Heterotheca villosa,,1,3726
EM02014,,8/24/18,2018,8,236,2018-8-24-P3,14,Elk M.,3,HETVIL,Heterotheca villosa,Hairy Goldenaster,Asteraceae,Hymenoptera,Apidae,Bombus bifarius,worker,Bombus bifarius-Heterotheca villosa,,1,3712
,,8/24/18,2018,8,236,2018-8-24-P3,14,Elk M.,3,HETVIL,Heterotheca villosa,Hairy Goldenaster,Asteraceae,Hymenoptera,Apidae,Bombus bifarius,worker,Bombus bifarius-Heterotheca villosa,,1,3713
EM02009,,8/24/18,2018,8,236,2018-8-24-P5,14,Elk M.,5,HETVIL,Heterotheca villosa,Hairy Goldenaster,Asteraceae,Hymenoptera,Apidae,Bombus bifarius,worker,Bombus bifarius-Heterotheca villosa,,1,3706
EM02023,,8/30/18,2018,8,242,2018-8-30-P3,15,Elk M.,3,HETVIL,Heterotheca villosa,Hairy Goldenaster,Asteraceae,Hymenoptera,Apidae,Bombus bifarius,worker,Bombus bifarius-Heterotheca villosa,,1,3750
EM02025,,8/30/18,2018,8,242,2018-8-30-P4,15,Elk M.,4,HETVIL,Heterotheca villosa,Hairy Goldenaster,Asteraceae,Hymenoptera,Apidae,Bombus bifarius,worker,Bombus bifarius-Heterotheca villosa,,1,3764
,,8/20/19,2019,8,232,2019-8-20-P4,11,Elk M.,4,HETVIL,Heterotheca villosa,Hairy Goldenaster,Asteraceae,Hymenoptera,Apidae,Bombus bifarius,,Bombus bifarius-Heterotheca villosa,,1,4110
,,9/2/19,2019,9,245,2019-9-2-P3,13,Elk M.,3,HETVIL,Heterotheca villosa,Hairy Goldenaster,Asteraceae,Hymenoptera,Apidae,Bombus bifarius,,Bombus bifarius-Heterotheca villosa,,1,4210
,,9/2/19,2019,9,245,2019-9-2-P3,13,Elk M.,3,HETVIL,Heterotheca villosa,Hairy Goldenaster,Asteraceae,Hymenoptera,Apidae,Bombus bifarius,,Bombus bifarius-Heterotheca villosa,,1,4241
,,9/2/19,2019,9,245,2019-9-2-P4,13,Elk M.,4,HETVIL,Heterotheca villosa,Hairy Goldenaster,Asteraceae,Hymenoptera,Apidae,Bombus bifarius,,Bombus bifarius-Heterotheca villosa,,1,4197
,,9/2/19,2019,9,245,2019-9-2-P4,13,Elk M.,4,HETVIL,Heterotheca villosa,Hairy Goldenaster,Asteraceae,Hymenoptera,Apidae,Bombus bifarius,,Bombus bifarius-Heterotheca villosa,,1,4232
,,9/2/19,2019,9,245,2019-9-2-P4,13,Elk M.,4,HETVIL,Heterotheca villosa,Hairy Goldenaster,Asteraceae,Hymenoptera,Apidae,Bombus bifarius,,Bombus bifarius-Heterotheca villosa,,1,4238
,,9/2/19,2019,9,245,2019-9-2-P5,13,Elk M.,5,HETVIL,Heterotheca villosa,Hairy Goldenaster,Asteraceae,Hymenoptera,Apidae,Bombus bifarius,,Bombus bifarius-Heterotheca villosa,,1,4227
,,9/9/19,2019,9,252,2019-9-9-P3,14,Elk M.,3,HETVIL,Heterotheca villosa,Hairy Goldenaster,Asteraceae,Hymenoptera,Apidae,Bombus bifarius,,Bombus bifarius-Heterotheca villosa,,1,4306
,,9/15/19,2019,9,258,2019-9-15-P3,15,Elk M.,3,HETVIL,Heterotheca villosa,Hairy Goldenaster,Asteraceae,Hymenoptera,Apidae,Bombus bifarius,,Bombus bifarius-Heterotheca villosa,,1,4271
,,9/15/19,2019,9,258,2019-9-15-P3,15,Elk M.,3,HETVIL,Heterotheca villosa,Hairy Goldenaster,Asteraceae,Hymenoptera,Apidae,Bombus bifarius,,Bombus bifarius-Heterotheca villosa,,1,4278
,,9/15/19,2019,9,258,2019-9-15-P5,15,Elk M.,5,HETVIL,Heterotheca villosa,Hairy Goldenaster,Asteraceae,Hymenoptera,Apidae,Bombus bifarius,,Bombus bifarius-Heterotheca villosa,,1,4279
,,9/15/19,2019,9,258,2019-9-15-P5,15,Elk M.,5,HETVIL,Heterotheca villosa,Hairy Goldenaster,Asteraceae,Hymenoptera,Apidae,Bombus bifarius,,Bombus bifarius-Heterotheca villosa,,1,4280
EM01478,,8/26/16,2016,8,239,2016-8-26-P5,13,Elk M.,5,HETVIL,Heterotheca villosa,Hairy Goldenaster,Asteraceae,Hymenoptera,Apidae,Bombus flavifrons,,Bombus flavifrons-Heterotheca villosa,,1,133
EM01694,,8/14/17,2017,8,226,2017-8-14-P2,13,Elk M.,2,HETVIL,Heterotheca villosa,Hairy Goldenaster,Asteraceae,Hymenoptera,Apidae,Bombus flavifrons,male,Bombus flavifrons-Heterotheca villosa,,1,140
EM01701,,8/14/17,2017,8,226,2017-8-14-P4,13,Elk M.,4,HETVIL,Heterotheca villosa,Hairy Goldenaster,Asteraceae,Hymenoptera,Apidae,Bombus flavifrons,worker,Bombus flavifrons-Heterotheca villosa,,1,141
EM01690,,8/14/17,2017,8,226,2017-8-14-P5,13,Elk M.,5,HETVIL,Heterotheca villosa,Hairy Goldenaster,Asteraceae,Hymenoptera,Apidae,Bombus flavifrons,worker,Bombus flavifrons-Heterotheca villosa,,1,138
EM01692,,8/14/17,2017,8,226,2017-8-14-P6,13,Elk M.,6,HETVIL,Heterotheca villosa,Hairy Goldenaster,Asteraceae,Hymenoptera,Apidae,Bombus flavifrons,male,Bombus flavifrons-Heterotheca villosa,,1,139
EM01719,,8/22/17,2017,8,234,2017-8-22-P6,14,Elk M.,6,HETVIL,Heterotheca villosa,Hairy Goldenaster,Asteraceae,Hymenoptera,Apidae,Bombus flavifrons,male,Bombus flavifrons-Heterotheca villosa,,1,143
EM01731,,8/30/17,2017,8,242,2017-8-30-P3,15,Elk M.,3,HETVIL,Heterotheca villosa,Hairy Goldenaster,Asteraceae,Hymenoptera,Apidae,Bombus flavifrons,worker,Bombus flavifrons-Heterotheca villosa,,1,144
EM01741,,8/30/17,2017,8,242,2017-8-30-P3,15,Elk M.,3,HETVIL,Heterotheca villosa,Hairy Goldenaster,Asteraceae,Hymenoptera,Apidae,Bombus flavifrons,worker,Bombus flavifrons-Heterotheca villosa,,1,145
EM01983,,8/10/18,2018,8,222,2018-8-10-P5,12,Elk M.,5,HETVIL,Heterotheca villosa,Hairy Goldenaster,Asteraceae,Hymenoptera,Apidae,Bombus flavifrons,male,Bombus flavifrons-Heterotheca villosa,,1,3590
EM02006,,8/16/18,2018,8,228,2018-8-16-P3,13,Elk M.,3,HETVIL,Heterotheca villosa,Hairy Goldenaster,Asteraceae,Hymenoptera,Apidae,Bombus flavifrons,,Bombus flavifrons-Heterotheca villosa,,1,3670
,,8/20/19,2019,8,232,2019-8-20-P6,11,Elk M.,6,HETVIL,Heterotheca villosa,Hairy Goldenaster,Asteraceae,Hymenoptera,Apidae,Bombus flavifrons,,Bombus flavifrons-Heterotheca villosa,,1,4113
,,8/26/19,2019,8,238,2019-8-26-P3,12,Elk M.,3,HETVIL,Heterotheca villosa,Hairy Goldenaster,Asteraceae,Hymenoptera,Apidae,Bombus flavifrons,,Bombus flavifrons-Heterotheca villosa,,1,4186
,,8/26/19,2019,8,238,2019-8-26-P4,12,Elk M.,4,HETVIL,Heterotheca villosa,Hairy Goldenaster,Asteraceae,Hymenoptera,Apidae,Bombus flavifrons,,Bombus flavifrons-Heterotheca villosa,,1,4196
,,8/26/19,2019,8,238,2019-8-26-P6,12,Elk M.,6,HETVIL,Heterotheca villosa,Hairy Goldenaster,Asteraceae,Hymenoptera,Apidae,Bombus flavifrons,,Bombus flavifrons-Heterotheca villosa,,1,4184
EM02095,,9/9/19,2019,9,252,2019-9-9-P4,14,Elk M.,4,HETVIL,Heterotheca villosa,Hairy Goldenaster,Asteraceae,Hymenoptera,Apidae,Bombus flavifrons,male,Bombus flavifrons-Heterotheca villosa,,1,4340
EM01673,,7/31/17,2017,7,212,2017-7-31-P5,11,Elk M.,5,HETVIL,Heterotheca villosa,Hairy Goldenaster,Asteraceae,Hymenoptera,Apidae,Bombus melanopygus,male,Bombus melanopygus-Heterotheca villosa,,1,148
EM02102,,9/2/19,2019,9,245,2019-9-2-P3,13,Elk M.,3,HETVIL,Heterotheca villosa,Hairy Goldenaster,Asteraceae,Hymenoptera,Apidae,Bombus melanopygus,male,Bombus melanopygus-Heterotheca villosa,,1,4347
EM01136,UCMC 0234886,8/20/15,2015,8,232,2015-8-20-P3,11,Elk M.,3,HETVIL,Heterotheca villosa,Hairy Goldenaster,Asteraceae,Hymenoptera,Apidae,Bombus mixtus,male,Bombus mixtus-Heterotheca villosa,,1,149
EM01647,,7/25/17,2017,7,206,2017-7-25-P3,10,Elk M.,3,HETVIL,Heterotheca villosa,Hairy Goldenaster,Asteraceae,Hymenoptera,Apidae,Bombus mixtus,male,Bombus mixtus-Heterotheca villosa,,1,150
EM01653,,7/31/17,2017,7,212,2017-7-31-P3,11,Elk M.,3,HETVIL,Heterotheca villosa,Hairy Goldenaster,Asteraceae,Hymenoptera,Apidae,Bombus mixtus,worker,Bombus mixtus-Heterotheca villosa,,1,151
EM01677,,7/31/17,2017,7,212,2017-7-31-P3,11,Elk M.,3,HETVIL,Heterotheca villosa,Hairy Goldenaster,Asteraceae,Hymenoptera,Apidae,Bombus mixtus,worker,Bombus mixtus-Heterotheca villosa,,1,155
EM01658,,7/31/17,2017,7,212,2017-7-31-P5,11,Elk M.,5,HETVIL,Heterotheca villosa,Hairy Goldenaster,Asteraceae,Hymenoptera,Apidae,Bombus mixtus,male,Bombus mixtus-Heterotheca villosa,,1,153
EM01689,,8/14/17,2017,8,226,2017-8-14-P3,13,Elk M.,3,HETVIL,Heterotheca villosa,Hairy Goldenaster,Asteraceae,Hymenoptera,Apidae,Bombus mixtus,worker,Bombus mixtus-Heterotheca villosa,,1,157
EM01705,,8/14/17,2017,8,226,2017-8-14-P3,13,Elk M.,3,HETVIL,Heterotheca villosa,Hairy Goldenaster,Asteraceae,Hymenoptera,Apidae,Bombus mixtus,worker,Bombus mixtus-Heterotheca villosa,,1,160
EM01697,,8/14/17,2017,8,226,2017-8-14-P4,13,Elk M.,4,HETVIL,Heterotheca villosa,Hairy Goldenaster,Asteraceae,Hymenoptera,Apidae,Bombus mixtus,worker,Bombus mixtus-Heterotheca villosa,,1,158
,,8/14/17,2017,8,226,2017-8-14-P6,13,Elk M.,6,HETVIL,Heterotheca villosa,Hairy Goldenaster,Asteraceae,Hymenoptera,Apidae,Bombus mixtus,worker,Bombus mixtus-Heterotheca villosa,,1,167
EM01716,,8/22/17,2017,8,234,2017-8-22-P4,14,Elk M.,4,HETVIL,Heterotheca villosa,Hairy Goldenaster,Asteraceae,Hymenoptera,Apidae,Bombus mixtus,worker,Bombus mixtus-Heterotheca villosa,,1,161
EM01720,,8/22/17,2017,8,234,2017-8-22-P6,14,Elk M.,6,HETVIL,Heterotheca villosa,Hairy Goldenaster,Asteraceae,Hymenoptera,Apidae,Bombus mixtus,male,Bombus mixtus-Heterotheca villosa,,1,162
EM01735,,8/30/17,2017,8,242,2017-8-30-P3,15,Elk M.,3,HETVIL,Heterotheca villosa,Hairy Goldenaster,Asteraceae,Hymenoptera,Apidae,Bombus mixtus,worker,Bombus mixtus-Heterotheca villosa,,1,164
EM01737,,8/30/17,2017,8,242,2017-8-30-P4,15,Elk M.,4,HETVIL,Heterotheca villosa,Hairy Goldenaster,Asteraceae,Hymenoptera,Apidae,Bombus mixtus,worker,Bombus mixtus-Heterotheca villosa,,1,165
EM01742,,8/30/17,2017,8,242,2017-8-30-P5,15,Elk M.,5,HETVIL,Heterotheca villosa,Hairy Goldenaster,Asteraceae,Hymenoptera,Apidae,Bombus mixtus,male,Bombus mixtus-Heterotheca villosa,,1,166
EM01984,,8/10/18,2018,8,222,2018-8-10-P6,12,Elk M.,6,HETVIL,Heterotheca villosa,Hairy Goldenaster,Asteraceae,Hymenoptera,Apidae,Bombus mixtus,,Bombus mixtus-Heterotheca villosa,,1,3591
,,8/11/19,2019,8,223,2019-8-11-P3,10,Elk M.,3,HETVIL,Heterotheca villosa,Hairy Goldenaster,Asteraceae,Hymenoptera,Apidae,Bombus mixtus,,Bombus mixtus-Heterotheca villosa,,1,4070
,,8/20/19,2019,8,232,2019-8-20-P3,11,Elk M.,3,HETVIL,Heterotheca villosa,Hairy Goldenaster,Asteraceae,Hymenoptera,Apidae,Bombus mixtus,,Bombus mixtus-Heterotheca villosa,,1,4116
EM02007,,8/16/18,2018,8,228,2018-8-16-P3,13,Elk M.,3,HETVIL,Heterotheca villosa,Hairy Goldenaster,Asteraceae,Hymenoptera,Apidae,Bombus rufocinctus,,Bombus rufocinctus-Heterotheca villosa,,1,3671
EM02019,,8/30/18,2018,8,242,2018-8-30-P3,15,Elk M.,3,HETVIL,Heterotheca villosa,Hairy Goldenaster,Asteraceae,Hymenoptera,Apidae,Bombus rufocinctus,,Bombus rufocinctus-Heterotheca villosa,,1,3746
EM02020,,8/30/18,2018,8,242,2018-8-30-P3,15,Elk M.,3,HETVIL,Heterotheca villosa,Hairy Goldenaster,Asteraceae,Hymenoptera,Apidae,Bombus rufocinctus,male,Bombus rufocinctus-Heterotheca villosa,,1,3747
EM01463a,,8/26/16,2016,8,239,2016-8-26-P3,13,Elk M.,3,HETVIL,Heterotheca villosa,Hairy Goldenaster,Asteraceae,Hymenoptera,Apidae,Bombus sylvicola,,Bombus sylvicola-Heterotheca villosa,,1,175
,,9/15/19,2019,9,258,2019-9-15-P4,15,Elk M.,4,HETVIL,Heterotheca villosa,Hairy Goldenaster,Asteraceae,Hymenoptera,Apidae,Bombus sylvicola,,Bombus sylvicola-Heterotheca villosa,,1,4284
,,8/20/19,2019,8,232,2019-8-20-P1,11,Elk M.,1,HYPRAD,Hypochaeris radicata,Spotted Cat's Ear,Asteraceae,Hymenoptera,Apidae,Bombus appositus,,Bombus appositus-Hypochaeris radicata,,1,4108
,,8/26/19,2019,8,238,2019-8-26-P1,12,Elk M.,1,HYPRAD,Hypochaeris radicata,Spotted Cat's Ear,Asteraceae,Hymenoptera,Apidae,Bombus bifarius,,Bombus bifarius-Hypochaeris radicata,,1,4195
EM01335,,6/24/16,2016,6,176,2016-6-24-P4,4,Elk M.,4,LUPARG,Lupinus argenteus,Silvery Lupine,Fabaceae,Hymenoptera,Apidae,Bombus bifarius,female,Bombus bifarius-Lupinus argenteus,,1,105
EM01369,,7/8/16,2016,7,190,2016-7-8-P1,6,Elk M.,1,LUPARG,Lupinus argenteus,Silvery Lupine,Fabaceae,Hymenoptera,Apidae,Bombus bifarius,female,Bombus bifarius-Lupinus argenteus,,1,107
EM01610,,7/11/17,2017,7,192,2017-7-11-P1,8,Elk M.,1,LUPARG,Lupinus argenteus,Silvery Lupine,Fabaceae,Hymenoptera,Apidae,Bombus bifarius,female,Bombus bifarius-Lupinus argenteus,,1,113
EM01831,,6/22/18,2018,6,173,2018-6-22-P2,5,Elk M.,2,LUPARG,Lupinus argenteus,Silvery Lupine,Fabaceae,Hymenoptera,Apidae,Bombus bifarius,worker,Bombus bifarius-Lupinus argenteus,,1,3061
EM01834,,6/22/18,2018,6,173,2018-6-22-P4,5,Elk M.,4,LUPARG,Lupinus argenteus,Silvery Lupine,Fabaceae,Hymenoptera,Apidae,Bombus bifarius,worker,Bombus bifarius-Lupinus argenteus,,1,3065
EM01848,,6/29/18,2018,6,180,2018-6-29-P6,6,Elk M.,6,LUPARG,Lupinus argenteus,Silvery Lupine,Fabaceae,Hymenoptera,Apidae,Bombus bifarius,worker,Bombus bifarius-Lupinus argenteus,,1,3142
EM01882,,7/6/18,2018,7,187,2018-7-6-P3,7,Elk M.,3,LUPARG,Lupinus argenteus,Silvery Lupine,Fabaceae,Hymenoptera,Apidae,Bombus bifarius,worker,Bombus bifarius-Lupinus argenteus,,1,3223
EM01902,,7/11/18,2018,7,192,2018-7-11-P4,8,Elk M.,4,LUPARG,Lupinus argenteus,Silvery Lupine,Fabaceae,Hymenoptera,Apidae,Bombus bifarius,worker,Bombus bifarius-Lupinus argenteus,,1,3258
EM01929,,7/20/18,2018,7,201,2018-7-20-P4,9,Elk M.,4,LUPARG,Lupinus argenteus,Silvery Lupine,Fabaceae,Hymenoptera,Apidae,Bombus bifarius,worker,Bombus bifarius-Lupinus argenteus,,1,3307
,,7/13/19,2019,7,194,2019-7-13-P1,6,Elk M.,1,LUPARG,Lupinus argenteus,Silvery Lupine,Fabaceae,Hymenoptera,Apidae,Bombus bifarius,female,Bombus bifarius-Lupinus argenteus,,1,3842
,,7/23/19,2019,7,204,2019-7-23-P4,7,Elk M.,4,LUPARG,Lupinus argenteus,Silvery Lupine,Fabaceae,Hymenoptera,Apidae,Bombus bifarius,,Bombus bifarius-Lupinus argenteus,,1,3935
,,8/11/19,2019,8,223,2019-8-11-P2,10,Elk M.,2,LUPARG,Lupinus argenteus,Silvery Lupine,Fabaceae,Hymenoptera,Apidae,Bombus mixtus,,Bombus mixtus-Lupinus argenteus,,1,4062
EM01536,,6/20/17,2017,6,171,2017-6-20-P6,5,Elk M.,6,LUPARG,Lupinus argenteus,Silvery Lupine,Fabaceae,Hymenoptera,Apidae,Bombus nevadensis,female,Bombus nevadensis-Lupinus argenteus,,1,171
EM01843,,6/29/18,2018,6,180,2018-6-29-P1,6,Elk M.,1,LUPARG,Lupinus argenteus,Silvery Lupine,Fabaceae,Hymenoptera,Apidae,Bombus nevadensis,,Bombus nevadensis-Lupinus argenteus,,1,3136
EM01389,,7/15/16,2016,7,197,2016-7-15-P6,7,Elk M.,6,LUPARG,Lupinus argenteus,Silvery Lupine,Fabaceae,Hymenoptera,Apidae,Bombus occidentalis,,Bombus occidentalis-Lupinus argenteus,,1,172
EM01872,,7/6/18,2018,7,187,2018-7-6-P1,7,Elk M.,1,LUPARG,Lupinus argenteus,Silvery Lupine,Fabaceae,Hymenoptera,Apidae,Bombus occidentalis,,Bombus occidentalis-Lupinus argenteus,,1,3211
EM01980,,8/4/18,2018,8,216,2018-8-4-P5,11,Elk M.,5,MACBIG,Machaeranthera bigelovii,Bigelow's Tansyaster,Asteraceae,Hymenoptera,Apidae,Bombus bifarius,worker,Bombus bifarius-Machaeranthera bigelovii,,1,3509
EM01733,,8/30/17,2017,8,242,2017-8-30-P5,15,Elk M.,5,MACBIG,Machaeranthera bigelovii,Bigelow's Tansyaster,Asteraceae,Hymenoptera,Apidae,Bombus mixtus,male,Bombus mixtus-Machaeranthera bigelovii,,1,163
EM01986,,8/10/18,2018,8,222,2018-8-10-P5,12,Elk M.,5,MACBIG,Machaeranthera bigelovii,Bigelow's Tansyaster,Asteraceae,Hymenoptera,Apidae,Bombus rufocinctus,,Bombus rufocinctus-Machaeranthera bigelovii,,1,3593
EM01988,,8/10/18,2018,8,222,2018-8-10-P5,12,Elk M.,5,MACBIG,Machaeranthera bigelovii,Bigelow's Tansyaster,Asteraceae,Hymenoptera,Apidae,Bombus rufocinctus,,Bombus rufocinctus-Machaeranthera bigelovii,,1,3595
EM01318,,6/18/16,2016,6,170,2016-6-18-P1,3,Elk M.,1,MERLAN,Mertensia lanceolata,Foothills Mertensia,Boraginaceae,Hymenoptera,Apidae,Bombus flavifrons,,Bombus flavifrons-Mertensia lanceolata,,1,127
EM01813,,6/12/18,2018,6,163,2018-6-12-P2,4,Elk M.,2,MERLAN,Mertensia lanceolata,Foothills Mertensia,Boraginaceae,Hymenoptera,Apidae,Bombus mixtus,,Bombus mixtus-Mertensia lanceolata,,1,2999
,,8/20/19,2019,8,232,2019-8-20-P3,11,Elk M.,3,ORTLUT,Orthocarpus luteus,Yellow Owl's-clover,Orobanchaceae,Hymenoptera,Apidae,Bombus bifarius,,Bombus bifarius-Orthocarpus luteus,,1,4114
,,8/20/19,2019,8,232,2019-8-20-P4,11,Elk M.,4,ORTLUT,Orthocarpus luteus,Yellow Owl's-clover,Orobanchaceae,Hymenoptera,Apidae,Bombus bifarius,,Bombus bifarius-Orthocarpus luteus,,1,4115
EM02156,,8/6/19,2019,8,218,2019-8-6-P5,9,Elk M.,5,PHAHET,Phacelia heterophylla,Scorpionweed,Hydrophyllaceae,Hymenoptera,Apidae,Bombus flavifrons,female,Bombus flavifrons-Phacelia heterophylla,,1,4388
,,8/11/19,2019,8,223,2019-8-11-P5,10,Elk M.,5,PHAHET,Phacelia heterophylla,Scorpionweed,Hydrophyllaceae,Hymenoptera,Apidae,Bombus flavifrons,,Bombus flavifrons-Phacelia heterophylla,,1,4060
,,8/11/19,2019,8,223,2019-8-11-P5,10,Elk M.,5,PHAHET,Phacelia heterophylla,Scorpionweed,Hydrophyllaceae,Hymenoptera,Apidae,Bombus flavifrons,,Bombus flavifrons-Phacelia heterophylla,,1,4061
EM01873,,7/6/18,2018,7,187,2018-7-6-P1,7,Elk M.,1,POTPUL,Potentilla pulcherrima,Beautiful Cinquefoil,Rosaceae,Hymenoptera,Apidae,Bombus bifarius,worker,Bombus bifarius-Potentilla pulcherrima,,1,3212
EM01854,,6/29/18,2018,6,180,2018-6-29-P5,6,Elk M.,5,PSEMON,Pseudocymopterus montanus,Mountain Parsley,Apiaceae,Hymenoptera,Apidae,Bombus bifarius,worker,Bombus bifarius-Pseudocymopterus montanus,,1,3167
EM01811,,6/12/18,2018,6,163,2018-6-12-P1,4,Elk M.,1,PSEMON,Pseudocymopterus montanus,Mountain Parsley,Apiaceae,Hymenoptera,Apidae,Bombus rufocinctus,,Bombus rufocinctus-Pseudocymopterus montanus,,1,2991
EM01375,,7/8/16,2016,7,190,2016-7-8-P3,6,Elk M.,3,ROSWOO,Rosa woodsii,Woods' Rose,Rosaceae,Hymenoptera,Apidae,Bombus melanopygus,,Bombus melanopygus-Rosa woodsii,,1,147
EM01871,,7/6/18,2018,7,187,2018-7-6-P2,7,Elk M.,2,ROSWOO,Rosa woodsii,Woods' Rose,Rosaceae,Hymenoptera,Apidae,Bombus occidentalis,,Bombus occidentalis-Rosa woodsii,,1,3210
EM01631,,7/17/17,2017,7,198,2017-7-17-P6,9,Elk M.,6,SEDLAN,Sedum lanceolatum,Yellow Stonecrop,Crassulaceae,Hymenoptera,Apidae,Bombus bifarius,female,Bombus bifarius-Sedum lanceolatum,,1,114
EM01870,,7/6/18,2018,7,187,2018-7-6-P6,7,Elk M.,6,SEDLAN,Sedum lanceolatum,Yellow Stonecrop,Crassulaceae,Hymenoptera,Apidae,Bombus bifarius,worker,Bombus bifarius-Sedum lanceolatum,,1,3209
EM01911,,7/11/18,2018,7,192,2018-7-11-P3,8,Elk M.,3,SEDLAN,Sedum lanceolatum,Yellow Stonecrop,Crassulaceae,Hymenoptera,Apidae,Bombus bifarius,worker,Bombus bifarius-Sedum lanceolatum,,1,3272
EM01905,,7/11/18,2018,7,192,2018-7-11-P5,8,Elk M.,5,SEDLAN,Sedum lanceolatum,Yellow Stonecrop,Crassulaceae,Hymenoptera,Apidae,Bombus bifarius,worker,Bombus bifarius-Sedum lanceolatum,,1,3262
EM01933,,7/20/18,2018,7,201,2018-7-20-P5,9,Elk M.,5,SEDLAN,Sedum lanceolatum,Yellow Stonecrop,Crassulaceae,Hymenoptera,Apidae,Bombus bifarius,worker,Bombus bifarius-Sedum lanceolatum,,1,3313
,,7/23/19,2019,7,204,2019-7-23-P4,7,Elk M.,4,SEDLAN,Sedum lanceolatum,Yellow Stonecrop,Crassulaceae,Hymenoptera,Apidae,Bombus bifarius,,Bombus bifarius-Sedum lanceolatum,,1,3934
EM02160,,8/6/19,2019,8,218,2019-8-6-P4,9,Elk M.,4,SEDLAN,Sedum lanceolatum,Yellow Stonecrop,Crassulaceae,Hymenoptera,Apidae,Bombus bifarius,male,Bombus bifarius-Sedum lanceolatum,,1,4386
,,8/6/19,2019,8,218,2019-8-6-P6,9,Elk M.,6,SEDLAN,Sedum lanceolatum,Yellow Stonecrop,Crassulaceae,Hymenoptera,Apidae,Bombus flavifrons,,Bombus flavifrons-Sedum lanceolatum,,1,3977
EM01869,,7/6/18,2018,7,187,2018-7-6-P3,7,Elk M.,3,SEDLAN,Sedum lanceolatum,Yellow Stonecrop,Crassulaceae,Hymenoptera,Apidae,Bombus melanopygus,,Bombus melanopygus-Sedum lanceolatum,,1,3208
EM01930,,7/20/18,2018,7,201,2018-7-20-P2,9,Elk M.,2,SEDLAN,Sedum lanceolatum,Yellow Stonecrop,Crassulaceae,Hymenoptera,Apidae,Bombus mixtus,,Bombus mixtus-Sedum lanceolatum,,1,3308
EM01935,,7/20/18,2018,7,201,2018-7-20-P5,9,Elk M.,5,SEDLAN,Sedum lanceolatum,Yellow Stonecrop,Crassulaceae,Hymenoptera,Apidae,Bombus mixtus,,Bombus mixtus-Sedum lanceolatum,,1,3321
EM01932,,7/20/18,2018,7,201,2018-7-20-P3,9,Elk M.,3,SOLMUL,Solidago multiradiata,Rocky Mountain Goldenrod,Asteraceae,Hymenoptera,Apidae,Bombus bifarius,worker,Bombus bifarius-Solidago multiradiata,,1,3311
EM01951,,7/25/18,2018,7,206,2018-7-25-P5,10,Elk M.,5,SOLMUL,Solidago multiradiata,Rocky Mountain Goldenrod,Asteraceae,Hymenoptera,Apidae,Bombus bifarius,worker,Bombus bifarius-Solidago multiradiata,,1,3396
EM01972,,8/4/18,2018,8,216,2018-8-4-P5,11,Elk M.,5,SOLMUL,Solidago multiradiata,Rocky Mountain Goldenrod,Asteraceae,Hymenoptera,Apidae,Bombus bifarius,worker,Bombus bifarius-Solidago multiradiata,,1,3491
EM01994,,8/10/18,2018,8,222,2018-8-10-P3,12,Elk M.,3,SOLMUL,Solidago multiradiata,Rocky Mountain Goldenrod,Asteraceae,Hymenoptera,Apidae,Bombus bifarius,worker,Bombus bifarius-Solidago multiradiata,,1,3607
EM01657,,7/31/17,2017,7,212,2017-7-31-P5,11,Elk M.,5,SOLMUL,Solidago multiradiata,Rocky Mountain Goldenrod,Asteraceae,Hymenoptera,Apidae,Bombus mixtus,male,Bombus mixtus-Solidago multiradiata,,1,152
,,8/20/19,2019,8,232,2019-8-20-P5,11,Elk M.,5,SOLMUL,Solidago multiradiata,Rocky Mountain Goldenrod,Asteraceae,Hymenoptera,Apidae,Bombus mixtus,,Bombus mixtus-Solidago multiradiata,,1,4112
,,8/16/18,2018,8,228,2018-8-16-P3,13,Elk M.,3,SOLSIM,Solidago simplex,Sticky Goldenrod,Asteraceae,Hymenoptera,Apidae,Bombus bifarius,worker; same as EM02004,Bombus bifarius-Solidago simplex,,1,3663
EM01806,,6/12/18,2018,6,163,2018-6-12-P1,4,Elk M.,1,TAROFF,Taraxacum officinale,Common dandelion,Asteraceae,Hymenoptera,Apidae,Bombus bifarius,queen,Bombus bifarius-Taraxacum officinale,,1,2980
EM01717,,8/22/17,2017,8,234,2017-8-22-P2,14,Elk M.,2,TAROFF,Taraxacum officinale,Common dandelion,Asteraceae,Hymenoptera,Apidae,Bombus flavifrons,worker,Bombus flavifrons-Taraxacum officinale,,1,142
EM01327,,6/24/16,2016,6,176,2016-6-24-P1,4,Elk M.,1,THEDIV,Thermopsis divaricarpa,Golden Banner,Fabaceae,Hymenoptera,Apidae,Bombus appositus,,Bombus appositus-Thermopsis divaricarpa,,1,102
EM01537,,6/20/17,2017,6,171,2017-6-20-P1,5,Elk M.,1,THEDIV,Thermopsis divaricarpa,Golden Banner,Fabaceae,Hymenoptera,Apidae,Bombus appositus,,Bombus appositus-Thermopsis divaricarpa,,1,103
EM01541,,6/20/17,2017,6,171,2017-6-20-P6,5,Elk M.,6,THEDIV,Thermopsis divaricarpa,Golden Banner,Fabaceae,Hymenoptera,Apidae,Bombus appositus,,Bombus appositus-Thermopsis divaricarpa,,1,104
EM01797,,6/5/18,2018,6,156,2018-6-5-P6,3,Elk M.,6,THEDIV,Thermopsis divaricarpa,Golden Banner,Fabaceae,Hymenoptera,Apidae,Bombus bifarius,queen,Bombus bifarius-Thermopsis divaricarpa,,1,2952
EM01319,,6/18/16,2016,6,170,2016-6-18-P1,3,Elk M.,1,THEDIV,Thermopsis divaricarpa,Golden Banner,Fabaceae,Hymenoptera,Apidae,Bombus flavifrons,,Bombus flavifrons-Thermopsis divaricarpa,,1,128
EM01516,,6/12/17,2017,6,163,2017-6-12-P3,4,Elk M.,3,THEDIV,Thermopsis divaricarpa,Golden Banner,Fabaceae,Hymenoptera,Apidae,Bombus flavifrons,female,Bombus flavifrons-Thermopsis divaricarpa,,1,134
EM01795,,6/5/18,2018,6,156,2018-6-5-P4,3,Elk M.,4,THEDIV,Thermopsis divaricarpa,Golden Banner,Fabaceae,Hymenoptera,Apidae,Bombus flavifrons,,Bombus flavifrons-Thermopsis divaricarpa,,1,2934
EM01800,,6/5/18,2018,6,156,2018-6-5-P4,3,Elk M.,4,THEDIV,Thermopsis divaricarpa,Golden Banner,Fabaceae,Hymenoptera,Apidae,Bombus flavifrons,,Bombus flavifrons-Thermopsis divaricarpa,,1,2957
EM01830,,6/22/18,2018,6,173,2018-6-22-P1,5,Elk M.,1,THEDIV,Thermopsis divaricarpa,Golden Banner,Fabaceae,Hymenoptera,Apidae,Bombus flavifrons,,Bombus flavifrons-Thermopsis divaricarpa,,1,3055
EM01314,,6/18/16,2016,6,170,2016-6-18-P1,3,Elk M.,1,THEDIV,Thermopsis divaricarpa,Golden Banner,Fabaceae,Hymenoptera,Apidae,Bombus nevadensis,,Bombus nevadensis-Thermopsis divaricarpa,,1,168
EM01326,,6/24/16,2016,6,176,2016-6-24-P1,4,Elk M.,1,THEDIV,Thermopsis divaricarpa,Golden Banner,Fabaceae,Hymenoptera,Apidae,Bombus nevadensis,,Bombus nevadensis-Thermopsis divaricarpa,,1,169
EM01328,,6/24/16,2016,6,176,2016-6-24-P2,4,Elk M.,2,THEDIV,Thermopsis divaricarpa,Golden Banner,Fabaceae,Hymenoptera,Apidae,Bombus nevadensis,,Bombus nevadensis-Thermopsis divaricarpa,,1,170
EM01805,,6/12/18,2018,6,163,2018-6-12-P2,4,Elk M.,2,THEDIV,Thermopsis divaricarpa,Golden Banner,Fabaceae,Hymenoptera,Apidae,Bombus nevadensis,,Bombus nevadensis-Thermopsis divaricarpa,,1,2974
,,6/12/18,2018,6,163,2018-6-12-P2,4,Elk M.,2,THEDIV,Thermopsis divaricarpa,Golden Banner,Fabaceae,Hymenoptera,Apidae,Bombus nevadensis,Bombus; Same as EM01805,Bombus nevadensis-Thermopsis divaricarpa,,1,2975
EM01812,,6/12/18,2018,6,163,2018-6-12-P3,4,Elk M.,3,THEDIV,Thermopsis divaricarpa,Golden Banner,Fabaceae,Hymenoptera,Apidae,Bombus nevadensis,,Bombus nevadensis-Thermopsis divaricarpa,,1,2992
EM01901,,7/11/18,2018,7,192,2018-7-11-P1,8,Elk M.,1,TRIPRA,Trifolium pratense,Red Clover,Fabaceae,Hymenoptera,Apidae,Bombus appositus,male,Bombus appositus-Trifolium pratense,,1,3257
EM01959,,7/25/18,2018,7,206,2018-7-25-P1,10,Elk M.,1,TRIPRA,Trifolium pratense,Red Clover,Fabaceae,Hymenoptera,Apidae,Bombus flavifrons,,Bombus flavifrons-Trifolium pratense,,1,3452