Family,Ack names,low limit elev,high limit elev,flowering start (#s),flowering end (#s),Adams,Alamosa,Arapahoe,Archuleta,Baca,Bent,Boulder,Chaffee,Cheyenne,Clear Creek,Conejos,Costilla,Crowley,Custer,Delta,Denver,Dolores,Douglas,Eagle,Elbert,El Paso,Fremont,Garfield,Gilpin,Grand,Gunnison,Hinsdale,Huerfano,Jackson,Jefferson,Kiowa,Kit Carson,Lake,La Plata,Larimer,Las Animas,Lincoln,Logan,Mesa,Mineral,Moffat,Montezuma,Montrose,Morgan,Otero,Ouray,Park,Phillips,Pitkin,Prowers,Pueblo,Rio Blanco,Rio Grande,Routt,Saguache,San Juan,San Miguel,Sedgwick,Summit,Teller,Washington,Weld,Yuma
Asteraceae,Achillea millefolium,4800,13200,6,10,1,1,1,1,0,0,1,1,1,1,1,1,0,1,0,1,1,1,1,1,1,1,1,1,1,1,1,1,1,1,0,0,1,1,1,1,1,0,1,1,1,1,1,0,0,1,1,0,1,0,1,1,1,1,1,1,1,0,1,1,0,1,0
Ranunculaceae,Aconitum columbianum,7200,12500,6,8,0,1,0,1,0,0,1,1,0,1,1,1,0,1,1,0,1,1,1,0,1,1,1,1,1,1,1,1,1,1,0,0,1,1,1,1,0,0,1,1,1,1,1,0,0,1,1,0,1,0,1,1,1,1,1,1,1,0,1,1,0,0,0
Alliaceae,Allium cernuum,5500,11000,6,8,0,1,0,1,0,0,1,1,0,1,1,1,0,1,0,0,1,1,1,1,1,1,1,1,0,1,1,1,1,1,0,0,1,1,1,1,0,0,1,1,1,1,1,0,0,1,1,0,1,0,1,1,1,1,1,1,1,0,0,1,0,0,0
Alliaceae,Allium schoenoprasum,7500,8500,6,7,0,0,0,0,0,0,0,0,0,0,0,0,0,0,0,0,0,0,0,0,0,0,0,0,0,0,0,0,1,0,0,0,0,0,0,0,0,0,0,0,0,0,0,0,0,0,0,0,0,0,0,0,0,0,0,0,0,0,0,0,0,0,0
Apocynaceae,Apocynum cannabinum,3400,7500,6,8,0,1,0,1,1,1,1,0,0,1,1,0,0,1,1,1,1,0,0,0,1,1,1,0,1,1,0,0,0,1,1,1,0,1,1,1,1,1,1,1,1,1,1,1,1,0,0,0,0,1,0,1,0,1,1,0,1,1,0,0,0,1,1
Ericaceae,Arctostaphylos uva-ursi,6100,13000,5,8,0,1,0,1,0,0,1,1,0,1,1,1,0,1,0,0,0,1,1,1,1,1,1,1,1,1,1,1,1,1,0,0,1,1,1,1,0,0,1,1,1,1,1,0,0,1,1,0,1,0,1,1,1,1,1,1,1,0,1,1,0,0,0
Asteraceae,Arnica fulgens,5300,9500,5,8,0,0,0,0,0,0,1,0,0,1,1,1,0,0,0,0,0,1,0,0,1,0,0,1,1,1,0,0,1,1,0,0,0,0,1,0,0,0,0,1,1,0,0,0,0,0,1,0,0,0,0,0,0,0,1,1,0,0,1,0,0,0,0
Asteraceae,Arnica mollis,7500,13300,7,9,0,0,0,1,0,0,1,1,0,1,1,0,0,1,1,0,1,0,1,0,1,1,1,1,1,1,1,1,1,0,0,0,1,1,1,0,0,0,1,1,1,1,1,0,0,1,1,0,1,0,0,1,1,1,1,1,1,0,1,0,0,0,0
Apocynaceae,Asclepias speciosa,3400,8600,6,8,1,1,1,1,0,1,1,0,1,1,1,1,1,1,1,1,1,1,1,1,1,1,1,1,1,1,0,1,0,1,1,1,0,1,1,1,1,1,1,1,1,1,1,1,1,0,0,1,1,1,1,1,1,1,1,0,1,1,1,0,0,1,1
Araceae,Asclepias subverticillata,3400,8600,6,8,0,1,0,1,1,1,1,0,1,0,0,0,1,0,1,1,1,1,0,0,1,1,1,0,0,1,1,1,0,0,1,1,0,1,1,1,1,0,1,0,0,1,1,0,1,1,0,0,1,1,1,1,0,1,1,1,1,0,0,0,0,1,1
Apocynaceae,Asclepias viridiflora,3500,7000,6,8,0,0,0,0,1,1,1,0,1,0,0,0,0,0,0,1,0,0,0,0,1,1,0,0,0,0,0,0,0,1,1,1,0,0,1,1,1,1,0,0,0,0,0,0,1,0,0,0,0,1,1,0,0,0,0,0,0,1,0,0,1,1,1
Fabaceae,Astragalus bisulcatus,3500,8800,5,7,1,0,1,1,1,1,1,1,0,0,1,0,0,1,1,1,1,1,1,1,1,1,1,0,1,1,1,1,1,1,1,1,0,1,1,1,1,1,1,0,1,1,1,1,1,1,1,0,1,1,1,1,0,1,1,0,1,1,1,1,1,1,1
Fabaceae,Astragalus drummondii,4200,9500,5,8,0,1,1,1,0,0,1,1,0,0,1,1,0,1,0,1,1,1,0,1,1,1,0,0,1,1,0,1,1,1,0,1,0,0,1,1,1,1,0,1,1,0,0,1,0,0,1,0,0,0,1,1,1,0,1,0,0,0,0,1,0,1,0
Fabaceae,Astragalus laxmannii robustior,4000,10500,6,8,0,1,1,0,0,0,1,1,0,0,1,1,0,1,0,0,0,1,0,1,1,1,0,1,1,1,1,1,1,1,0,0,0,0,1,1,0,0,0,1,1,0,0,1,0,0,1,0,0,0,0,0,1,1,1,0,1,1,1,1,0,1,0
Fabaceae,Astragalus pectinatus,3500,8200,5,6,0,0,0,0,1,1,0,0,1,0,0,0,1,0,0,0,0,0,0,1,0,0,0,0,0,0,0,1,1,0,1,1,0,0,1,1,1,0,0,0,1,0,0,1,1,0,0,0,0,1,1,0,0,0,0,0,0,0,0,0,0,1,1
Fabaceae,Astragalus sericoleucus,3600,5500,4,6,0,0,0,0,0,0,0,0,0,0,0,0,0,0,0,1,0,0,0,0,0,0,0,0,0,0,0,0,0,0,0,1,0,0,1,0,1,1,0,0,0,0,0,0,0,0,1,0,0,0,0,0,0,0,0,0,0,1,0,0,1,1,1
Berberidaceae,Berberis fremontii,4500,7000,4,6,0,0,0,0,0,0,0,0,0,0,0,0,0,0,1,0,1,0,0,0,0,0,1,0,0,0,0,0,0,0,0,0,0,0,0,0,0,0,1,0,0,1,1,0,0,0,0,0,0,0,0,0,0,0,0,0,1,0,0,0,0,0,0
Plantaginaceae,Besseya plantaginea,5500,11000,5,8,0,0,0,0,0,0,1,1,0,1,0,1,0,1,0,0,0,1,0,0,1,1,1,0,1,0,0,1,0,1,0,0,1,0,1,1,0,0,1,0,0,0,0,0,0,0,1,0,1,0,1,1,0,0,1,0,1,0,0,1,0,0,0
Polygonaceae,Bistorta bistortoides,7000,14000,6,9,0,1,0,1,0,0,1,1,0,1,1,1,0,1,1,0,1,1,1,0,1,1,1,1,1,1,1,1,1,1,0,0,1,1,1,1,0,0,1,1,1,1,1,0,0,1,1,0,1,0,1,1,1,1,1,1,1,0,1,1,0,0,0
Campanulaceae,Campanula rotundifolia,5000,13500,6,8,0,0,1,1,0,0,1,1,0,1,1,1,0,1,1,0,1,1,1,1,1,1,1,1,1,1,1,1,1,1,0,0,1,1,1,1,0,0,1,1,1,1,1,0,0,1,1,0,1,0,1,1,1,1,1,1,1,0,1,1,0,0,0
Asteraceae,Carduus nutans,3500,8500,6,10,1,0,1,1,1,0,1,0,0,1,1,1,0,1,0,1,0,1,1,1,1,0,1,1,1,1,1,1,0,1,0,1,0,1,1,1,1,1,1,0,0,1,1,1,1,0,1,1,0,1,1,1,0,1,0,1,1,1,0,1,1,1,1
Orobanchaceae,Castilleja occidentalis,10000,14000,6,9,0,1,0,1,0,0,1,1,0,1,1,1,0,1,0,0,1,0,1,0,1,0,1,1,1,1,1,1,1,0,0,0,1,1,1,1,0,0,0,1,0,1,1,0,0,1,1,0,1,0,1,1,1,1,1,1,1,0,1,1,0,0,0
Orobanchaceae,Castilleja rhexiifolia,7500,13000,6,8,0,0,0,0,0,0,1,1,0,1,1,0,0,1,1,0,1,0,1,0,0,0,1,1,1,1,1,1,1,1,0,0,1,1,1,0,0,0,1,1,1,1,0,0,0,1,1,0,1,0,0,0,1,1,1,1,1,0,1,1,0,0,0
Orobanchaceae,Castilleja sulphurea,6400,11500,5,9,0,1,0,1,0,0,1,1,0,1,1,1,0,1,1,0,1,1,1,0,1,1,1,1,1,1,1,1,1,1,0,0,1,1,1,1,0,0,1,1,1,1,1,0,0,1,1,0,1,0,0,1,1,1,1,1,1,0,1,1,0,0,0
Asteraceae,Centaurea diffusa,5000,8200,7,9,1,0,1,0,0,0,1,0,0,0,0,0,0,0,0,1,0,1,0,1,1,1,0,0,1,0,0,0,1,1,0,0,0,1,1,1,1,0,0,1,0,1,0,0,0,0,0,0,0,0,0,0,0,0,0,0,0,0,0,0,0,1,0
Onagraceae,Chamerion angustifolium,5300,12500,7,9,0,1,0,1,0,0,1,1,0,1,1,1,0,1,1,0,1,1,1,0,1,1,1,1,1,1,1,1,1,1,0,0,1,1,1,1,0,0,1,1,1,1,1,0,0,1,1,0,1,0,0,1,1,1,1,1,1,0,1,1,0,0,0
Asteraceae,Chrysothamnus greenei,5000,8500,7,9,0,1,0,1,0,0,0,1,0,0,1,1,0,0,1,0,1,0,0,0,0,1,0,0,0,0,1,1,0,0,0,0,0,1,0,0,0,0,1,1,1,1,1,0,0,0,1,0,0,0,0,1,1,0,1,1,1,0,0,0,0,0,0
Asteraceae,Cichorium intybus,4200,7000,6,10,1,0,1,1,0,0,1,0,1,0,0,0,0,1,1,1,1,1,0,0,1,1,1,0,0,0,0,0,0,1,0,1,0,1,1,0,0,0,1,0,0,1,0,1,0,0,0,0,0,0,0,0,0,0,0,0,1,0,0,0,0,1,0
Asteraceae,Cirsium arvense,4000,9800,6,7,1,0,1,0,1,0,1,0,0,1,1,1,1,1,1,1,1,1,1,1,1,1,1,1,1,1,1,1,1,1,1,1,0,1,1,1,1,1,1,1,1,1,1,1,1,0,1,0,1,0,1,1,1,1,1,1,1,1,1,1,1,1,1
Asteraceae,Cirsium canescens,3500,9500,6,9,1,1,1,1,1,0,1,1,0,0,0,0,0,1,0,1,0,1,0,1,1,1,1,1,1,1,0,1,1,1,0,0,1,1,1,1,1,1,1,0,0,1,0,1,1,1,1,1,0,0,1,1,0,1,1,0,0,1,1,1,1,1,1
Asteraceae,Cirsium ochrocentrum,3500,9500,6,9,0,1,0,0,1,1,1,0,1,0,1,0,0,1,0,0,0,0,1,1,1,0,0,0,1,1,0,1,0,1,0,1,0,1,1,1,0,0,1,0,1,1,1,1,1,0,0,0,0,0,1,0,0,0,1,0,0,1,0,0,1,1,1
Asteraceae,Cirsium scariosum,7000,12500,6,9,0,0,0,1,0,0,1,1,0,1,1,1,0,0,0,0,0,0,1,0,0,0,0,1,1,1,1,0,1,1,0,0,0,1,1,0,0,0,0,1,1,1,1,0,0,1,1,0,1,0,0,1,0,1,1,1,1,0,1,1,0,0,0
Asteraceae,Cirsium scopulorum,10500,13500,7,9,0,1,0,1,0,0,1,1,0,1,1,1,0,1,0,0,1,0,1,0,1,1,0,1,1,1,1,1,0,0,0,0,1,1,1,1,0,0,1,1,0,0,0,0,0,0,1,0,1,0,0,0,1,0,1,1,0,0,1,1,0,0,0
Asteraceae,Cirsium undulatum,3500,9000,6,8,1,1,1,1,1,1,1,0,1,1,1,1,1,1,1,1,1,1,1,1,1,1,1,0,0,1,0,1,0,1,1,1,1,1,1,1,1,1,1,1,1,1,1,0,1,0,1,1,1,1,1,1,0,1,1,1,1,1,0,1,1,1,1
Asteraceae,Cirsium vulgare,4000,9500,7,9,0,0,1,1,1,0,1,0,0,0,0,0,0,0,0,1,1,0,0,0,0,1,1,0,1,1,1,0,1,1,0,1,0,1,1,1,1,0,1,1,1,1,1,0,0,0,1,0,1,0,1,1,0,1,0,1,1,1,0,0,1,0,0
Asteraceae,Cirsium wheeleri,5700,9600,7,9,0,0,0,0,0,0,0,0,0,0,0,0,0,0,0,0,0,0,0,0,0,0,0,0,0,0,0,0,0,0,0,0,0,0,0,0,0,0,0,0,0,1,0,0,0,0,0,0,0,0,0,0,0,0,0,0,0,0,0,0,0,0,0
Montiaceae,Claytonia megarhiza,11000,14000,6,8,0,1,0,1,0,0,1,1,0,1,1,1,0,1,0,0,1,0,1,0,1,0,1,1,1,1,1,1,1,0,0,0,1,1,1,1,0,0,0,1,0,1,0,0,0,1,1,0,1,0,0,0,1,0,1,1,1,0,1,0,0,0,0
Capparaceae,Cleome serrulata,3500,9000,6,9,1,1,1,0,1,1,1,1,1,0,1,1,1,1,1,1,1,1,0,1,1,1,1,0,1,1,0,1,1,1,1,1,1,1,1,1,1,1,1,1,1,1,1,1,1,0,1,1,0,1,1,1,1,1,1,0,1,1,0,1,1,1,1
Cactaceae,Cylindropuntia imbricata imbricata,4400,6500,5,7,0,0,0,1,1,0,0,0,0,0,0,1,1,0,0,0,0,0,0,0,1,1,0,0,0,0,0,1,0,0,0,0,0,0,0,1,1,0,0,0,0,0,0,0,1,0,0,0,0,0,1,0,0,0,0,0,0,0,0,0,0,0,0
Boraginaceae,Cynoglossum officinale,5000,9000,5,8,0,0,0,1,0,0,1,0,0,1,0,1,0,1,0,0,1,1,1,0,0,1,1,0,1,1,0,1,1,1,0,0,0,1,1,1,0,0,1,0,1,1,1,0,0,1,0,0,1,0,1,1,0,1,0,0,0,0,0,0,0,0,0
Fabaceae,Dalea candida oligophylla,3400,7200,6,9,0,0,1,0,1,1,1,0,1,0,0,0,1,1,0,0,0,0,0,1,1,1,0,0,0,0,0,1,0,1,1,1,0,0,1,1,1,1,1,0,0,1,0,1,1,0,0,0,0,1,1,0,0,0,0,0,0,1,0,0,0,1,1
Apiaceae,Daucus carota,5000,7500,7,9,0,0,1,0,0,0,1,0,0,0,0,0,0,0,0,0,0,1,0,1,0,1,0,0,0,0,0,0,0,1,0,0,0,1,1,1,0,0,1,0,1,1,0,0,0,0,0,0,0,0,0,0,0,0,0,0,0,0,0,0,0,0,0
Ranunculaceae,Delphinium barbeyi,8000,12700,7,9,0,1,0,1,0,0,1,1,0,1,1,1,0,1,1,0,1,0,1,0,1,1,1,1,1,1,1,1,1,0,0,0,1,1,1,1,0,0,1,1,1,1,1,0,0,1,1,0,1,0,1,1,1,1,1,1,1,0,1,0,0,0,0
Ranunculaceae,Delphinium nuttallianum,5500,10800,4,7,0,0,0,1,0,0,1,0,0,1,1,0,0,1,1,1,1,1,1,1,1,0,1,1,1,1,1,1,1,1,0,0,0,1,1,0,0,0,1,1,1,1,1,0,0,1,0,0,1,0,1,1,0,1,1,1,1,0,1,0,0,1,0
Ranunculaceae,Delphinium ramosum,7000,11000,7,9,0,1,0,0,0,0,1,1,0,1,0,1,0,1,1,0,0,1,0,0,1,1,1,1,1,1,1,1,1,1,0,0,0,1,1,1,0,0,1,1,0,1,0,0,0,0,1,0,0,0,0,1,1,1,1,0,0,0,1,1,0,0,0
Elaeagnaceae,Dipsacus fullonum,4600,7000,6,9,0,0,0,0,0,0,1,1,0,0,0,0,0,0,0,1,0,0,0,0,1,1,0,0,0,0,0,0,0,1,0,0,0,0,1,0,0,0,0,0,0,0,0,0,0,0,0,0,0,0,1,0,0,0,0,0,0,0,0,0,0,1,0
Rosaceae,Dryas octopetala hookeriana,10600,14000,6,8,0,0,0,0,0,0,1,1,0,1,0,0,0,1,0,0,0,0,1,0,1,1,1,1,1,1,1,1,1,0,0,0,1,1,1,0,0,0,0,1,0,0,0,0,0,0,1,0,1,0,0,0,0,0,0,1,0,0,1,0,0,0,0
Asteraceae,Echinacea purpurea,5000,6000,6,8,0,0,0,0,0,0,1,0,0,0,0,0,0,0,0,0,0,0,0,0,0,0,0,0,0,0,0,0,0,0,0,0,0,0,0,0,0,0,0,0,0,0,0,0,0,0,0,0,0,0,0,0,0,0,0,0,0,0,0,0,0,0,0
Caryophyllaceae,Eremogone fendleri,5400,13000,6,8,0,1,0,1,0,0,1,1,0,1,1,1,0,1,1,1,1,1,1,1,1,1,1,1,1,1,1,1,1,1,0,0,1,1,1,1,0,0,1,1,0,1,1,0,0,1,1,0,1,0,1,1,1,1,1,1,1,0,1,1,0,0,0
Asteraceae,Ericamerica nauseosa,3900,9500,7,10,1,1,1,1,1,1,1,1,1,1,1,1,1,1,1,1,1,1,1,1,1,1,1,1,1,1,1,1,1,1,1,1,1,1,1,1,1,1,1,0,1,1,1,1,1,1,1,0,1,0,1,1,1,1,1,1,1,0,1,0,1,1,0
Asteraceae,Erigeron melanocephalus,9300,1400,7,9,0,1,0,1,0,0,1,1,0,1,1,1,0,1,0,0,1,0,1,0,0,0,1,1,1,1,1,1,1,0,0,0,1,1,1,0,0,0,0,1,0,1,0,0,0,1,1,0,1,0,0,0,1,1,1,1,1,0,1,0,0,0,0
Asteraceae,Erigeron speciosus,5500,12000,6,9,0,0,0,1,0,0,1,1,0,1,1,1,0,0,1,0,1,1,1,0,1,0,1,1,1,1,1,1,1,1,0,0,1,1,1,1,0,0,1,1,1,1,1,0,0,1,1,0,1,0,0,1,1,1,1,1,1,0,1,1,0,0,0
Polygonaceae,Eriogonum effusum,4000,8500,7,11,1,1,1,0,1,1,1,1,1,0,0,0,1,1,0,1,0,1,0,1,1,1,0,0,0,0,0,1,0,1,1,1,0,0,1,1,1,1,0,0,0,0,0,1,1,0,0,0,0,0,1,0,0,0,1,0,0,0,1,0,0,1,0
Polygonaceae,Eriogonum umbellatum,5200,12800,6,10,0,0,1,1,0,0,1,1,0,1,1,1,0,1,1,0,1,1,1,0,1,0,1,1,1,1,1,1,1,1,0,0,1,1,1,0,0,0,1,1,1,1,1,0,0,1,1,0,1,0,1,1,1,1,1,1,1,0,1,0,0,1,0
Brassicaceae,Erysimum capitatum,3500,13500,5,8,1,1,1,1,1,1,1,1,1,1,1,1,0,1,1,0,1,1,1,1,1,1,1,1,1,1,1,1,1,1,1,1,1,1,1,1,1,1,1,1,1,1,1,1,1,1,1,0,1,1,1,1,1,1,1,1,1,1,1,1,1,1,1
Euphorbiaceae,Euphorbia marginata,3500,7000,6,10,1,0,1,0,1,1,1,0,1,0,0,0,1,0,0,1,0,0,0,0,0,0,0,0,1,0,0,1,0,1,1,1,0,1,1,1,1,1,0,0,0,0,1,1,1,0,1,0,0,0,1,0,0,0,0,0,0,1,0,0,1,1,1
Gentianaceae,Frasera speciosa,5900,12500,6,9,0,0,0,1,0,0,1,1,0,1,1,1,0,1,1,0,1,1,1,0,1,1,1,1,1,1,1,1,1,1,0,0,1,1,1,1,0,0,1,1,1,1,1,0,1,1,1,0,1,0,1,1,1,1,1,1,0,0,1,1,0,0,0
Gentianaceae,Gentiana parryi,7500,13200,7,9,0,1,0,1,0,0,1,1,0,1,1,1,0,0,1,0,0,0,1,0,1,0,1,1,1,1,1,1,1,0,0,0,1,1,1,0,0,0,1,1,0,1,1,0,0,1,1,0,1,0,0,1,1,1,1,1,1,0,1,1,0,0,0
Geraniaceae,Geranium caespitosum,5200,12500,5,8,0,1,0,1,0,0,1,1,0,1,1,1,0,1,0,0,0,1,1,1,1,1,1,1,1,1,1,1,0,1,0,0,1,1,1,1,0,0,1,1,0,1,0,0,0,1,1,0,0,0,1,1,1,0,1,1,1,0,1,1,0,1,0
Geraniaceae,Geranium richardsonii,6000,12700,5,9,0,1,0,1,0,0,1,1,0,1,1,1,0,1,1,0,1,1,1,0,1,1,1,1,1,1,1,1,1,1,0,0,1,1,1,1,0,0,1,1,1,1,1,0,0,1,1,0,1,0,1,1,1,1,1,1,1,0,1,1,0,0,0
Fabaceae,Glycrrhiza lepidota,3800,8600,6,8,1,1,1,1,1,0,1,1,1,0,1,1,1,1,1,1,0,1,1,1,1,1,1,0,1,1,0,1,0,1,1,1,1,1,1,1,1,1,1,1,1,1,1,1,1,0,0,0,1,1,1,1,0,1,1,0,1,1,0,1,0,1,1
Asteraceae,Grindelia squarrosa,3500,8500,6,10,1,1,1,1,1,0,1,1,1,1,1,1,0,1,1,1,1,1,1,1,1,1,1,1,1,1,0,1,1,1,0,1,0,1,1,1,1,1,1,0,1,1,1,1,1,1,0,1,1,0,1,1,1,1,1,1,1,1,1,1,1,1,1
Asteraceae,Helianthella quinquenervis,7200,13500,6,9,0,0,0,0,0,0,1,1,0,0,1,1,0,1,1,0,1,1,1,0,0,1,1,1,1,1,1,1,1,0,0,0,1,1,1,1,0,0,1,1,0,1,1,0,0,1,1,0,1,0,0,1,1,1,1,1,1,0,1,1,0,0,0
Asteraceae,Helianthus annuus,3300,9000,6,10,1,1,1,1,1,1,1,1,1,1,1,1,1,1,0,1,1,1,1,1,1,1,1,1,1,1,1,1,1,1,1,1,0,1,1,1,1,1,1,1,1,1,1,1,1,0,0,1,1,1,1,1,1,1,1,1,1,1,0,1,1,1,1
Asteraceae,Helianthus petiolaris,3300,9000,6,10,1,1,1,1,1,1,1,1,1,1,1,1,1,1,0,1,0,1,0,1,1,1,1,1,0,1,0,1,1,1,1,1,0,1,1,1,1,1,1,0,1,1,1,1,1,0,1,1,0,1,1,1,1,0,1,1,0,1,0,1,1,1,1
Asteraceae,Helianthus pumilus,5000,9500,6,10,1,0,1,0,0,0,1,0,0,1,0,0,0,1,0,1,0,1,0,1,1,1,0,1,0,0,0,0,0,1,0,0,0,0,1,0,0,0,0,0,0,0,0,0,0,0,1,0,0,0,0,0,0,0,0,0,0,0,0,1,0,1,0
Asteraceae,Helianthus rigidus subrhomboideus,5000,7200,7,9,0,0,0,1,0,0,1,0,0,0,0,0,0,1,0,0,0,0,0,0,1,0,0,0,0,0,1,1,0,1,0,0,0,1,1,0,0,0,0,1,0,1,0,0,0,0,0,0,0,0,1,0,0,0,0,0,0,0,0,1,0,0,0
Asteraceae,Heliomeris multiflora,4500,11000,5,9,0,1,1,1,0,0,1,1,0,1,1,1,0,1,1,0,1,1,1,1,1,1,1,1,1,1,1,1,1,1,0,0,1,1,1,1,1,0,1,1,1,1,1,0,0,1,1,0,1,0,1,1,1,1,1,1,1,0,1,1,1,1,0
Apiaceae,Heracleum maximum,5000,10500,6,8,0,1,0,1,0,0,1,1,0,1,1,1,0,1,1,1,1,1,1,0,1,1,1,1,1,1,1,1,1,1,0,0,1,1,1,1,0,0,1,1,0,1,1,0,0,1,1,0,1,0,1,1,1,1,1,1,1,0,1,1,0,0,0
Asteraceae,Heterotheca villosa minor,6000,10000,5,10,0,0,0,1,0,0,0,1,0,0,1,0,0,0,0,0,0,0,1,0,0,1,0,0,0,1,0,1,0,0,0,0,1,0,1,0,0,0,1,0,1,1,1,0,0,1,0,0,1,0,0,1,1,1,1,1,1,0,1,0,0,0,0
Saxifragaceae,Heuchera bracteata,6000,12300,6,8,0,0,0,0,0,0,1,0,0,1,0,0,0,0,0,0,0,0,0,0,0,0,0,1,1,0,0,0,0,1,0,0,0,0,1,0,0,0,0,0,0,0,0,0,0,0,0,0,0,0,0,0,0,0,0,0,0,0,0,0,0,0,0
Iridaceae,Iris missouriensis,5200,11000,5,8,1,1,0,1,0,0,1,1,0,1,1,1,0,1,1,1,1,1,1,0,1,1,1,1,1,1,1,1,1,1,0,0,1,1,1,1,0,0,1,1,1,1,1,0,0,1,1,0,1,0,1,1,1,1,1,1,1,0,1,1,0,0,0
Chenopodiaceae,Kochia scoparia,3400,9700,6,10,1,1,1,1,1,1,1,0,1,0,1,1,1,0,0,1,1,0,1,1,1,1,1,0,1,1,0,1,1,1,1,1,0,1,1,1,1,1,1,0,1,1,1,1,1,0,0,1,0,1,1,1,1,0,1,0,1,1,1,1,1,1,1
Fabaceae,Lathyrus lanszwertii leucanthus,7000,10500,5,7,0,0,0,1,0,0,1,0,0,0,1,1,0,1,1,0,1,1,1,0,0,1,1,0,1,1,1,1,1,1,0,0,0,1,1,1,0,0,1,0,1,1,1,0,0,1,1,0,1,0,1,1,1,1,1,1,1,0,1,0,0,0,0
Asteraceae,Liatris punctata,3500,8000,8,10,1,0,1,0,1,1,1,1,1,0,0,0,0,1,0,1,0,1,0,1,1,1,0,0,0,1,0,1,0,1,0,1,0,0,1,1,1,1,0,0,1,0,0,0,1,0,1,0,0,0,1,0,0,0,1,0,0,1,0,1,1,1,1
Plantaginaceae,Linaria dalmatica,4500,9700,5,10,1,0,1,1,1,0,1,1,0,1,0,0,0,0,0,1,1,1,1,0,1,0,1,1,0,0,0,0,0,1,0,0,0,1,1,1,0,0,0,0,1,1,0,0,0,0,0,0,1,0,0,0,0,1,0,0,1,0,0,1,0,1,0
Plantaginaceae,Linaria vulgaris,4800,11000,6,9,0,0,1,1,0,0,1,1,0,1,1,1,0,0,1,0,1,1,1,1,1,1,1,1,1,1,1,1,1,1,0,1,1,1,1,1,0,0,1,1,1,1,1,0,0,1,1,0,1,0,0,1,0,1,1,1,1,0,1,1,0,1,0
Loasaceae,Linum lewisii,3900,11400,5,9,1,1,1,1,1,0,1,1,0,1,1,1,0,1,1,1,1,1,1,1,1,1,1,1,1,1,1,1,1,1,1,0,1,1,1,1,0,0,1,1,1,1,1,0,1,1,1,0,1,1,1,1,1,1,1,1,1,0,1,1,0,1,0
Limnanthaceae,Lloydia serotina,10000,14000,6,8,0,1,0,0,0,0,1,1,0,1,1,1,0,1,0,0,1,0,1,0,1,1,0,1,1,1,1,1,1,0,0,0,1,1,1,1,0,0,0,1,0,1,0,0,0,1,1,0,1,0,1,0,0,0,1,1,1,0,1,1,0,0,0
Campanulaceae,Lobelia siphilitica ludoviciana,3500,6800,8,9,0,0,0,0,0,0,1,0,0,0,0,0,0,0,0,0,0,1,0,0,1,0,0,0,0,0,0,0,0,1,0,0,0,0,1,0,0,0,0,0,0,0,0,1,0,0,0,0,0,0,1,0,0,0,0,0,0,0,0,0,0,1,1
Fabaceae,Lotus corniculatus,5000,9500,5,8,0,0,0,0,0,0,1,0,0,0,0,0,0,0,0,1,0,0,0,0,0,0,1,0,0,0,0,0,0,1,0,0,0,0,1,0,0,0,0,0,0,0,0,0,0,0,0,0,1,0,0,0,0,1,0,0,0,0,0,0,0,0,0
Fabaceae,Lupinus argenteus,4800,10500,5,9,1,1,1,1,0,0,1,1,0,1,1,1,0,1,1,1,1,1,1,1,1,1,1,1,1,1,1,1,1,1,0,0,1,1,1,1,1,0,1,1,1,1,1,0,0,1,1,0,1,0,1,1,1,1,1,1,1,0,1,1,0,1,0
Fabaceae,Lupinus sericeus sericeus,6300,10000,5,8,0,0,0,1,0,0,0,0,0,0,1,0,0,0,1,0,1,0,1,0,0,0,1,0,1,1,1,0,1,0,0,0,0,1,0,0,0,0,1,1,1,1,1,0,0,0,0,0,1,0,0,1,1,1,1,0,0,0,0,0,0,0,0
Rosaceae,Malus pumila,5000,8500,5,6,0,0,1,0,0,0,1,0,0,0,0,0,0,0,1,0,0,0,0,0,1,0,0,0,0,0,0,0,0,1,0,0,0,1,1,1,0,0,1,0,0,1,0,0,0,0,0,0,0,0,1,0,0,0,0,1,0,0,0,0,0,0,0
Fabaceae,Medicago sativa,4000,9500,5,10,1,1,1,1,1,0,1,1,1,1,1,1,0,1,1,1,1,1,1,1,1,1,1,0,1,1,1,1,1,1,1,1,0,1,1,1,1,0,1,0,1,1,1,1,1,0,0,1,1,1,1,1,1,1,1,0,0,1,0,1,1,1,1
Fabaceae,Melilotus albus/officinalis,3400,9000,5,10,1,1,1,1,1,1,1,1,1,1,1,1,0,1,1,1,1,1,1,1,1,1,1,1,1,1,0,1,1,1,1,1,1,1,1,1,1,1,1,1,1,1,1,1,1,1,1,0,1,0,1,1,0,1,1,0,1,1,1,1,1,1,1
Loasaceae,Mentzelia chrysantha,5100,5700,7,9,0,0,0,0,0,0,0,0,0,0,0,0,0,0,0,0,0,0,0,0,0,1,0,0,0,0,0,0,0,0,0,0,0,0,0,0,0,0,0,0,0,0,0,0,0,0,0,0,0,0,1,0,0,0,0,0,0,0,0,0,0,0,0
Loasaceae,Mentzelia densa,5800,7200,7,9,0,0,0,0,0,0,0,1,0,0,0,0,0,0,0,0,0,0,0,0,0,1,0,0,0,0,0,0,0,0,0,0,0,0,0,0,0,0,0,0,0,0,0,0,0,0,0,0,0,0,0,0,0,0,0,0,0,0,0,0,0,0,0
Loasaceae,Mentzelia nuda,3500,6500,7,9,1,1,1,0,1,1,1,0,1,0,0,0,0,0,0,1,0,1,0,1,1,1,0,0,0,0,0,1,0,1,1,1,0,0,1,1,1,1,0,0,0,0,0,1,1,0,0,1,0,1,1,0,0,0,0,0,0,1,0,0,1,1,1
Lythraceae,Mentzelia speciosa,5000,9000,6,8,0,1,1,0,0,0,1,1,0,1,0,0,0,1,0,1,0,1,0,0,1,1,0,1,0,0,0,0,0,1,0,0,0,0,1,1,0,0,0,1,0,0,0,0,0,0,1,0,0,0,1,0,0,0,1,0,0,0,0,1,0,1,0
Boraginaceae,Mertensia alpina,11000,14000,6,8,0,0,0,0,0,0,0,0,0,0,0,1,0,0,0,0,0,0,0,0,1,0,0,0,0,0,0,0,0,0,0,0,0,0,0,0,0,0,0,0,0,0,0,0,0,0,0,0,0,0,0,0,0,0,1,0,0,0,1,1,0,0,0
Boraginaceae,Mertensia ciliata,6000,12500,6,8,0,1,0,1,0,0,1,1,0,1,1,1,0,1,1,0,1,1,1,0,1,1,1,1,1,1,1,1,1,1,0,0,1,1,1,1,0,0,1,1,0,1,1,0,0,1,1,0,1,0,1,1,1,1,1,1,1,0,1,1,0,0,0
Boraginaceae,Mertensia lanceolata,5000,14000,4,8,1,1,1,1,0,0,1,1,0,1,1,1,0,1,1,1,1,1,1,1,1,1,1,1,1,1,1,1,1,1,0,0,1,1,1,1,0,0,1,1,0,1,1,0,0,1,1,0,1,0,1,0,1,1,1,1,1,0,1,1,0,1,0
Lamiaceae,Monarda fistulosa menthifolia,5400,8800,6,9,0,0,1,1,0,0,1,0,0,1,0,1,0,1,0,0,1,1,0,1,1,1,1,1,0,1,1,1,0,1,0,0,0,1,1,1,0,0,1,1,1,1,1,0,0,0,1,0,1,0,1,1,0,0,1,0,1,0,0,1,0,0,0
Lamiaceae,Nepeta cataria,3500,8500,7,9,1,0,1,0,0,0,1,0,0,0,0,0,0,0,1,1,0,1,1,0,1,0,1,0,0,0,0,0,0,1,0,1,0,1,1,1,0,1,1,0,1,0,0,0,0,1,0,0,0,1,1,1,0,0,0,0,0,1,0,1,0,1,1
Lamiaceae,Nepeta racemosa,7500,8500,6,9,0,0,0,0,0,0,0,0,0,0,0,0,0,0,0,0,0,0,0,0,0,0,0,0,0,0,0,0,0,1,0,0,0,0,0,0,0,0,0,0,0,0,0,0,0,0,0,0,0,0,0,0,0,0,0,0,0,0,0,0,0,0,0
Asteraceae,Onopordum acanthium,5200,7000,6,8,1,0,1,0,0,0,1,0,0,0,0,0,0,0,0,0,0,1,0,0,0,1,1,0,0,0,0,1,0,1,0,0,0,1,1,1,0,0,1,0,0,1,0,0,0,0,0,0,0,0,1,0,0,0,0,0,0,0,0,0,0,1,0
Boraginaceae,Onosmodium bejariense occidentale,4000,6100,5,7,0,0,0,0,1,0,1,0,0,0,0,0,0,0,0,1,0,1,0,0,0,0,0,0,0,0,0,0,0,1,0,0,0,0,1,1,0,0,0,0,0,0,0,0,1,0,0,0,0,0,1,0,0,0,0,0,0,0,0,0,0,0,0
Boraginaceae,Oreocarya virgata,4500,9300,5,7,1,0,1,0,1,0,1,0,0,1,0,0,0,0,0,1,0,1,1,0,1,0,0,1,0,0,0,0,1,1,0,0,1,0,1,1,0,0,0,0,0,0,0,0,0,0,1,0,0,0,1,0,0,0,1,0,0,0,0,1,0,1,0
Fabaceae,Oxytropis lambertii,3500,11000,4,8,0,1,1,0,1,0,1,1,0,1,1,1,0,1,0,1,1,1,1,1,1,1,1,1,1,1,1,1,1,1,1,1,1,0,1,1,0,1,1,1,1,0,1,0,0,1,1,0,1,0,1,1,1,1,1,0,1,1,1,1,1,1,1
Fabaceae,Oxytropis sericea sericea,3500,12000,5,8,0,1,0,0,0,0,1,1,1,0,1,1,0,1,0,0,1,0,0,1,1,1,1,1,1,1,1,1,1,1,1,0,1,1,1,1,1,1,1,1,1,0,0,0,0,0,1,0,0,0,1,1,1,0,1,0,0,1,1,1,1,1,1
Parnassiaceae,Papaver nudicaule americanum,10000,11500,6,8,0,0,0,0,0,0,0,0,0,0,0,0,0,0,0,0,0,0,0,0,0,0,0,0,0,1,0,0,0,0,0,0,0,0,0,0,0,0,0,0,0,0,0,0,0,0,1,0,0,0,0,0,0,0,0,0,0,0,0,0,0,0,0
Orobanchaceae,Pedicularis bracteosa paysoniana,8000,12500,6,8,0,0,0,0,0,0,1,1,0,1,1,1,0,0,1,0,1,0,1,0,0,0,1,0,1,1,1,1,1,1,0,0,1,1,1,1,0,0,1,1,1,1,1,0,0,1,1,0,1,0,0,1,1,1,1,1,1,0,1,0,0,0,0
Orobanchaceae,Pedicularis groenlandica,7500,13000,6,8,0,1,0,1,0,0,1,1,0,1,1,1,0,1,1,0,1,1,1,0,1,1,1,1,1,1,1,1,1,1,0,0,1,1,1,1,0,0,1,1,1,1,1,0,0,1,1,0,1,0,0,1,1,1,1,1,1,0,1,1,0,0,0
Orobanchaceae,Pedicularis parryi,8500,13200,7,8,0,1,0,1,0,0,1,1,0,1,1,1,0,1,0,0,1,0,1,0,1,1,1,1,1,1,1,1,1,0,0,0,1,1,1,1,0,0,1,1,0,1,0,0,0,1,1,0,1,0,1,1,1,1,1,1,1,0,1,1,0,0,0
Orobanchaceae,Pedicularis racemosa alba,7200,13000,6,8,0,0,0,1,0,0,1,1,0,1,1,1,0,0,1,0,1,0,1,0,0,1,1,1,1,1,1,1,1,0,0,0,1,1,1,1,0,0,1,1,1,1,1,0,0,1,1,0,1,0,0,1,1,1,1,1,1,0,1,0,0,0,0
Plantaginaceae,Penstemon debilis,8000,9000,6,7,0,0,0,1,0,0,1,1,0,1,1,1,0,0,1,0,1,0,1,0,0,1,1,1,1,1,1,1,1,0,0,0,1,1,1,1,0,0,1,1,1,1,1,0,0,1,1,0,1,0,0,1,1,1,1,1,1,0,1,0,0,0,0
Plantaginaceae,Penstemon degeneri,6000,9500,6,7,0,0,0,0,0,0,0,1,0,0,0,0,0,1,0,0,0,0,0,0,0,1,0,0,0,0,0,0,0,0,0,0,0,0,0,0,0,0,0,0,0,0,0,0,0,0,0,0,0,0,0,0,0,0,0,0,0,0,0,0,0,0,0
Plantaginaceae,Penstemon glaber,5500,11000,6,8,0,0,0,0,0,0,1,0,0,1,1,0,0,1,0,1,0,1,0,0,1,1,1,1,1,0,0,1,0,1,0,0,0,0,1,1,0,0,1,0,0,0,0,0,0,0,1,0,0,0,1,0,1,0,0,0,0,0,1,1,0,1,0
Plantaginaceae,Penstemon griffinii,7400,10000,6,8,0,0,0,0,0,0,0,1,0,0,1,0,0,1,0,0,0,0,0,0,0,1,0,0,0,0,0,1,0,0,0,0,0,0,0,0,0,0,0,1,0,0,0,0,0,0,1,0,0,0,0,0,1,0,1,0,0,0,0,0,0,0,0
Plantaginaceae,Penstemon secundiflorus,4800,10500,5,7,1,0,1,1,0,0,1,1,0,1,1,0,0,1,0,1,0,1,0,1,1,1,0,1,1,1,1,1,1,1,0,0,1,1,1,1,1,0,1,1,0,0,0,0,0,0,1,0,0,0,1,0,1,0,1,0,0,0,0,1,0,1,1
Plantaginaceae,Penstemon virens,5200,11000,5,7,0,0,0,0,0,0,1,0,0,1,0,0,0,1,0,0,0,1,0,1,1,1,0,1,1,0,0,1,1,1,0,0,0,0,1,1,0,0,0,0,0,0,0,0,0,0,1,0,0,0,1,0,0,0,1,0,0,0,1,1,0,1,0
Plantaginaceae,Penstemon virgatus asa-grayi,4400,10000,6,8,0,1,0,0,0,0,1,1,0,1,1,1,0,1,0,0,0,1,0,1,1,1,0,0,1,1,0,1,0,1,0,0,1,0,1,1,0,0,0,1,0,0,0,0,0,0,1,0,0,0,0,0,1,0,1,0,0,0,0,1,0,1,0
Plantaginaceae,Penstemon whippleanus,8000,13500,6,8,0,1,0,1,0,0,1,1,0,1,1,1,0,1,1,0,1,0,1,0,1,1,1,1,1,1,1,1,1,0,0,0,1,1,1,1,0,0,1,1,1,1,1,0,0,1,1,0,1,0,1,1,1,1,1,1,1,0,1,1,0,0,0
Hydrophyllaceae,Phacelia heterophylla,5200,12000,5,8,0,0,0,1,0,0,1,1,0,1,1,1,0,1,1,1,1,1,1,0,1,1,1,1,1,1,1,1,1,1,0,0,0,1,1,1,0,0,1,1,1,1,1,0,0,1,1,0,1,0,1,1,1,1,1,1,1,0,0,1,0,0,0
Brassicaceae,Physaria alpina,11400,13500,6,7,0,0,0,0,0,0,0,0,0,0,0,0,0,0,0,0,0,0,0,0,0,0,0,0,0,1,0,0,0,0,0,0,1,0,0,0,0,0,0,0,0,0,0,0,0,0,1,0,1,0,0,0,0,0,0,0,0,0,0,0,0,0,0
Brassicaceae,Physaria vitulifera,5000,9800,4,6,0,0,0,0,0,0,1,0,0,1,0,0,0,0,0,1,0,1,0,0,1,1,0,1,0,0,0,0,0,1,0,0,0,0,1,0,0,0,0,0,0,0,0,0,0,0,0,0,0,0,0,0,0,0,0,0,0,0,0,1,0,1,0
Rosaceae,Potentilla fissa,5500,10000,5,8,0,0,0,0,0,0,1,1,0,1,0,1,0,1,1,1,0,1,0,1,1,1,0,1,1,1,0,1,1,1,0,0,0,0,1,0,0,0,0,0,0,0,0,0,0,0,1,0,0,0,1,0,0,1,1,0,0,0,0,1,0,0,0
Rosaceae,Potentilla fruticosa,7500,13500,6,9,0,1,0,1,0,0,1,1,0,1,1,1,0,1,1,0,1,1,1,0,1,1,1,1,1,1,1,1,1,1,0,0,1,1,1,1,0,0,1,1,1,1,1,0,0,1,1,0,1,0,0,1,1,1,1,1,1,0,1,1,0,0,0
Rosaceae,Potentilla glaucophylla glaucophylla,8700,14000,5,8,0,1,0,1,0,0,1,1,0,1,1,1,0,1,1,0,1,0,1,0,0,1,1,1,1,1,1,1,1,1,0,0,1,1,1,0,0,0,1,1,0,1,0,0,0,1,1,0,1,0,0,1,1,1,1,1,1,0,1,1,0,0,0
Rosaceae,Potentilla hippiana,6000,11500,6,9,0,1,0,1,0,0,1,1,0,1,1,1,0,1,1,0,1,1,1,0,1,1,1,1,1,1,1,1,1,1,0,0,1,1,1,1,0,0,1,1,1,1,1,0,0,1,1,0,1,0,1,0,1,1,1,1,1,0,1,1,0,1,0
Rosaceae,Potentilla pulcherrima,7000,13000,6,8,0,1,0,1,0,0,1,1,0,1,1,1,0,1,1,0,1,1,1,1,1,1,1,1,1,1,1,1,1,1,0,0,1,1,1,1,0,0,1,1,1,1,1,0,0,1,1,0,1,0,1,1,1,1,1,1,1,0,1,1,0,0,0
Primulaceae,Primula parryi,9200,14000,6,8,0,1,0,1,0,0,1,1,0,1,1,0,0,1,0,0,1,0,1,0,1,0,1,1,1,1,1,1,1,0,0,0,1,1,1,1,0,0,1,1,0,1,0,0,0,1,1,0,1,0,1,1,1,1,1,1,1,0,1,0,0,0,0
Rosaceae,Prunus americana,3500,8700,4,5,1,0,1,0,1,0,1,0,0,0,0,0,0,1,0,1,0,1,0,1,1,1,0,1,0,0,0,1,0,1,0,0,0,0,1,1,0,1,0,0,0,0,0,0,0,0,0,0,0,0,1,0,0,0,0,0,0,0,0,1,1,1,1
Rosaceae,Prunus pensylvanica,5200,9500,4,6,0,0,0,0,0,0,1,0,0,0,1,0,0,1,0,0,0,1,0,0,1,0,0,1,0,0,0,1,0,1,0,0,0,0,1,1,0,0,0,0,0,0,0,0,0,0,0,0,0,0,1,0,0,0,0,0,0,0,0,1,0,0,0
Rosaceae,Prunus virginiana melanocarpa,4000,10500,4,6,0,1,0,1,1,0,1,1,0,1,1,1,0,1,1,1,1,1,1,1,1,1,1,1,1,1,1,1,1,1,0,0,1,1,1,1,0,1,1,1,1,1,1,0,0,1,1,1,1,0,1,1,1,1,1,1,1,0,1,1,0,1,0
Fabaceae,Psoralidium tenuiflorum,3800,6500,6,8,1,0,1,1,1,1,1,0,1,0,0,0,1,0,0,1,0,1,0,1,1,1,0,0,0,0,0,1,0,1,1,1,0,1,1,1,1,1,0,0,0,0,0,1,1,0,0,0,0,1,1,0,0,0,0,0,0,1,0,0,1,1,1
Asteraceae,Ratibida columnifera,3500,9000,6,10,1,0,1,1,1,1,1,0,1,0,0,1,0,0,0,1,0,1,0,1,1,1,1,0,0,0,0,1,0,1,1,1,0,1,1,1,1,1,0,1,0,1,0,1,1,0,0,1,0,1,1,0,0,0,0,0,0,1,0,1,1,1,1
Crossosomataceae,Rhodiola integrifolia,9000,14000,6,8,0,1,0,1,0,0,1,1,0,1,1,1,0,1,1,0,1,0,1,0,1,0,1,1,1,1,1,1,1,0,0,0,1,1,1,1,0,0,1,1,0,1,0,0,0,1,1,0,1,0,1,0,1,1,1,1,1,0,1,1,0,0,0
Crassulaceae,Rhodiola rhodantha,8500,13500,6,8,0,1,0,1,0,0,1,1,0,1,1,1,0,1,1,0,1,0,1,0,1,1,1,1,1,1,1,1,1,0,0,0,1,1,1,1,0,0,1,1,0,1,0,0,0,1,1,0,1,0,0,1,1,1,1,1,1,0,1,1,0,0,0
Grossulariaceae,Ribes aureum,3500,8500,4,6,1,1,1,1,1,1,1,1,0,1,1,1,0,1,1,1,1,1,1,1,1,1,1,0,1,1,0,1,0,1,0,1,0,1,1,1,1,1,1,0,1,1,1,1,1,0,1,0,0,1,1,1,1,1,1,0,1,1,0,1,0,1,1
Grossulariaceae,Ribes cereum,4300,12000,4,8,0,1,0,1,1,0,1,1,0,1,1,1,0,1,0,0,1,1,1,1,1,1,1,1,1,1,1,1,1,1,0,0,1,1,1,1,1,1,1,1,1,1,1,0,1,1,1,0,0,0,1,1,1,1,1,1,1,0,1,1,1,1,0
Grossulariaceae,Ribes leptanthum,4200,10500,4,6,0,1,0,1,1,0,0,1,0,1,1,1,0,1,1,0,1,1,1,0,1,1,1,0,1,1,0,1,1,1,0,0,0,1,1,1,0,0,1,0,0,1,1,0,1,0,1,0,1,0,1,1,1,0,1,0,0,0,0,0,0,0,0
Rosaceae,Rosa acicularis sayi,5200,11500,6,8,0,1,0,1,0,0,1,1,0,1,1,1,0,1,1,0,1,1,1,0,1,1,1,1,1,1,1,1,1,1,0,0,1,1,1,1,0,0,0,1,1,1,0,0,0,1,1,0,1,0,1,1,1,1,1,1,0,0,1,1,0,1,0
Rosaceae,Rosa arkansana,3500,7500,6,8,0,0,1,0,1,1,1,0,0,1,1,0,0,0,0,1,0,1,0,1,1,0,0,0,0,0,0,1,0,1,0,1,1,0,1,1,1,1,0,0,0,0,0,1,0,0,0,0,0,0,1,0,0,0,0,0,0,1,1,1,1,1,1
Rosaceae,Rubus deliciosus,4400,11000,5,8,0,1,0,0,1,0,1,1,0,1,0,0,0,1,0,0,0,1,0,1,1,1,1,1,1,1,0,1,0,1,0,0,1,0,1,1,0,1,1,0,0,0,0,0,1,0,1,0,0,0,1,0,0,0,1,0,0,0,0,1,0,1,0
Rosaceae,Rubus parviflorus parviflorus,6500,10500,6,8,0,0,0,1,0,0,1,0,0,0,1,0,0,0,1,0,1,1,1,0,1,0,1,1,1,1,1,0,1,1,0,0,1,1,0,0,0,0,1,1,1,1,1,0,0,1,1,0,1,0,1,1,1,1,0,1,0,0,0,0,0,0,0
Asteraceae,Rudbeckia laciniata ampla,5000,9000,6,9,0,1,0,1,0,0,1,1,0,1,1,1,0,1,1,1,1,1,1,0,1,1,1,0,1,1,1,1,0,1,0,0,0,1,1,1,0,0,1,1,1,1,1,0,0,1,1,0,0,0,1,1,1,1,1,1,1,0,1,1,0,1,0
Caryophyllaceae,Sagina saginoides,8500,13500,6,8,0,0,0,1,0,0,1,1,0,1,1,1,0,0,0,0,1,0,1,0,1,0,1,1,1,1,1,1,1,0,0,0,1,1,1,0,0,0,1,1,0,1,1,0,0,1,1,0,1,0,0,1,1,1,1,1,1,0,1,0,0,0,0
Salicaceae,Salix petrophila,11000,13500,7,8,0,0,0,1,0,0,1,0,0,1,1,1,0,0,0,0,0,0,0,0,0,0,0,0,1,1,1,0,1,0,0,0,1,0,1,0,0,0,0,1,0,0,0,0,0,0,1,0,1,0,0,0,0,0,1,1,1,0,1,0,0,0,0
Salicaceae,Salix planifolia,8000,13500,5,7,0,0,0,1,0,0,1,1,0,1,1,1,0,1,1,0,1,0,1,0,1,0,1,1,1,1,1,1,1,1,0,0,1,1,1,1,0,0,1,1,1,1,1,0,0,1,1,0,1,0,1,1,1,1,1,1,1,0,1,1,0,0,0
Salicaceae,Salix reticulata nana,10500,13500,6,8,0,1,0,1,0,0,1,1,0,1,1,1,0,1,0,0,1,0,1,0,1,1,1,1,1,1,1,1,0,0,0,0,1,1,1,0,0,0,0,1,0,1,0,0,0,1,1,0,1,0,1,0,1,0,1,1,1,0,1,0,0,0,0
Asteraceae,Saussurea weberi,10500,14300,7,8,0,0,0,0,0,0,0,0,0,0,0,0,0,1,0,0,0,0,0,0,0,0,0,0,0,0,0,0,0,0,0,0,1,0,0,0,0,0,0,0,0,0,0,0,0,0,1,0,0,0,0,0,0,0,0,0,0,0,1,0,0,0,0
Lamiaceae,Scutellaria brittonii,4800,9000,5,7,0,0,0,0,0,0,1,0,0,1,0,0,0,1,0,1,0,1,0,1,1,1,1,1,1,0,0,1,0,1,0,0,0,0,1,1,0,0,0,0,0,0,0,0,0,0,1,0,0,0,1,0,0,0,0,0,0,0,1,1,0,1,0
Fabaceae,Securigera varia,5800,8000,6,9,0,0,0,0,0,0,1,0,0,0,0,0,0,0,1,0,0,0,1,0,0,0,0,1,0,1,0,0,0,1,0,0,0,0,1,1,1,0,0,0,0,0,0,0,0,1,0,0,0,0,1,1,0,0,0,0,0,0,0,0,0,0,0
Crassulaceae,Sedum lanceolatum,5300,14000,5,9,0,1,0,1,0,0,1,1,0,1,1,1,0,1,1,0,1,1,1,1,1,1,1,1,1,1,1,1,1,1,0,0,1,1,1,1,0,0,1,1,1,1,1,0,0,1,1,0,1,0,1,1,1,1,1,1,1,0,1,1,0,0,0
Asteraceae,Senecio fremontii blitoides,9500,13500,7,9,0,1,0,1,0,0,1,1,0,1,1,1,0,1,0,0,1,0,1,0,1,1,1,1,1,1,1,1,1,0,0,0,1,1,1,1,0,0,1,1,0,1,0,0,0,1,1,0,1,0,0,1,1,1,1,1,1,0,1,1,0,0,0
Asteraceae,Senecio integerrimus,5500,13000,5,7,1,0,1,1,1,0,1,1,0,1,1,1,0,1,1,0,1,1,1,1,1,0,1,1,1,1,1,1,1,1,0,0,1,1,1,1,1,0,1,1,1,1,1,0,1,1,1,0,1,0,1,1,1,1,1,0,1,0,1,0,0,0,0
Asteraceae,Senecio spartioides,4000,9500,7,10,1,1,1,1,1,1,1,1,0,1,1,1,1,1,0,1,1,1,1,1,1,1,0,1,1,1,1,1,1,1,0,0,0,1,1,1,0,1,1,1,1,1,1,0,1,1,1,0,0,0,0,1,1,1,1,0,0,0,1,1,0,1,0
Asteraceae,Senecio triangularis,6500,13500,7,9,0,1,0,1,0,0,1,1,0,1,1,1,0,1,1,0,1,0,1,0,0,1,1,1,1,1,1,1,1,0,0,0,1,1,1,1,0,0,1,1,0,1,1,0,0,1,1,0,1,0,1,1,1,1,1,1,1,0,1,0,0,0,0
Malvaceae,Sidalcea neomexicana,5500,9600,6,9,0,1,0,1,0,0,1,1,0,0,1,1,0,1,0,0,1,0,0,0,1,1,0,0,1,1,1,0,1,1,0,0,1,1,1,0,0,0,0,1,1,1,1,0,0,0,1,0,1,0,0,1,1,1,1,0,1,0,1,1,0,0,0
Solanaceae,Solanum rostratum,3500,8500,6,10,1,0,1,1,1,1,1,0,1,0,0,0,0,0,1,1,0,0,0,1,1,1,0,0,1,0,0,0,0,1,1,1,0,1,1,1,1,1,1,0,1,0,1,1,1,0,0,1,0,1,1,0,0,0,0,0,0,1,0,0,1,1,1
Asteraceae,Solidago nana,5000,9800,7,9,0,0,1,1,0,0,1,1,0,1,0,0,0,1,1,0,1,0,1,0,1,1,1,1,1,1,1,1,1,1,0,0,1,1,1,1,0,0,1,1,1,1,1,0,0,1,1,0,1,0,1,1,1,1,1,1,1,0,1,1,0,1,0
Asteraceae,Solidago rigida humilis,3500,8800,8,10,0,0,0,1,0,0,1,0,0,0,0,0,0,1,0,0,0,1,0,0,1,0,0,0,0,0,0,1,0,1,0,1,0,0,1,1,0,1,0,0,0,0,0,0,0,0,0,0,0,0,0,0,0,0,0,0,0,1,0,0,0,1,1
Fabaceae,Sophora nuttalliana,3400,7500,5,7,1,0,1,1,1,1,1,1,1,0,0,0,1,0,0,1,0,0,0,0,1,1,0,0,0,0,0,1,0,0,1,1,0,1,1,1,1,1,1,0,0,1,1,1,1,0,0,0,0,1,1,0,0,0,1,0,1,1,0,0,1,1,1
Brassicaceae,Stanleya pinnata,4000,8300,4,9,0,1,0,0,0,0,1,0,0,0,0,0,0,1,1,0,1,0,1,0,1,1,1,0,1,0,0,1,1,0,1,0,0,1,1,1,0,0,1,0,1,1,1,0,1,1,0,0,0,0,1,1,0,1,0,1,1,0,0,0,0,0,0
Caprifoliaceae,Symphoricarpos occidentalis,3500,8500,6,8,1,0,1,1,1,0,1,0,0,1,0,1,0,0,0,1,0,1,0,1,1,1,0,0,0,1,0,1,0,1,0,0,0,1,1,1,0,1,0,0,1,0,0,1,1,0,1,0,0,0,1,1,0,1,0,0,0,1,0,1,0,1,1
Asteraceae,Taraxacum officinale,3500,10500,3,10,1,1,1,1,1,1,1,1,1,1,1,1,1,1,1,1,1,1,1,1,1,1,1,1,1,1,1,1,1,1,1,1,1,1,1,1,1,1,1,1,1,1,1,1,1,1,1,1,1,1,1,1,1,1,1,1,1,1,1,1,1,1,1
Asteraceae,Tetraneuris acaulis,3500,14000,5,8,0,1,1,1,1,1,1,1,0,1,1,1,0,1,1,1,1,1,1,1,1,1,1,1,1,1,0,1,1,1,1,1,1,1,1,1,1,1,1,1,1,1,1,1,1,0,1,0,0,1,1,1,1,0,1,0,1,1,1,1,1,1,1
Fabaceae,Thermopsis rhombifolia montana,5500,10600,5,8,0,1,0,0,0,0,0,1,0,1,1,1,0,1,1,0,1,0,1,0,0,1,0,1,1,1,0,0,0,1,0,0,0,1,1,1,0,0,1,0,1,1,1,0,0,0,1,0,0,0,1,1,1,0,1,0,1,0,0,0,0,0,0
Fabaceae,Trifolium dasyphyllum,9700,14000,6,8,0,1,0,1,0,0,1,1,0,1,1,1,0,1,1,0,0,0,1,0,1,0,1,1,1,1,1,1,1,0,0,0,1,0,1,0,0,0,0,1,1,0,0,0,0,1,1,0,1,0,1,1,1,1,1,0,0,0,1,0,0,1,0
Fabaceae,Trifolium nanum,10500,14200,6,8,0,1,0,1,0,0,1,1,0,1,1,1,0,1,0,0,1,0,1,0,1,0,1,1,1,1,1,1,1,0,0,0,1,1,1,1,0,0,0,1,0,1,0,0,0,1,1,0,1,0,1,0,1,1,1,1,1,0,1,0,0,0,0
Fabaceae,Trifolium pratense,4100,10500,5,10,0,0,0,1,0,0,1,1,0,1,1,1,0,1,0,1,1,1,1,1,1,1,1,1,1,1,1,1,1,1,0,1,1,1,1,1,0,0,1,1,1,1,1,0,0,0,1,0,1,0,1,1,0,1,1,0,1,0,1,1,0,1,0
Fabaceae,Trifolium repens,4500,11100,5,9,1,1,1,1,0,0,1,1,0,1,1,1,0,1,1,1,1,1,1,1,1,1,1,1,1,1,1,1,1,1,0,1,1,1,1,1,1,0,1,1,1,1,1,1,0,1,1,0,1,0,1,1,1,1,1,1,1,1,1,1,1,1,1
Simaroubaceae,Verbascum thapsus,4000,9500,6,10,1,1,1,0,1,1,1,1,0,1,1,0,0,1,1,1,1,1,1,1,1,1,1,1,1,1,1,1,1,1,0,1,0,1,1,1,0,1,1,1,1,1,1,0,1,1,1,1,1,0,1,1,1,1,1,1,1,0,1,0,1,1,1
Asteraceae,Verbesina encelioides exauriculata,3400,9000,8,10,1,1,1,1,1,1,1,1,1,1,1,1,1,0,1,1,1,1,0,0,1,1,0,0,1,1,0,1,0,1,1,0,0,0,1,1,1,1,0,1,1,1,1,1,1,0,0,0,1,1,1,0,1,0,1,0,1,0,0,1,0,1,0
Asteraceae,Wyethia amplexicaulis,6500,10500,6,8,0,0,0,0,0,0,1,0,0,0,0,0,0,0,1,0,0,0,1,0,0,0,1,0,1,1,0,0,1,0,0,0,1,0,1,0,0,0,1,0,1,0,1,0,0,0,0,0,0,0,0,1,0,1,0,0,0,0,0,0,0,0,0