bee,plant
Bombus appositus,Astragalus
Bombus appositus,Astragalus
Bombus appositus,Astragalus
Bombus appositus,Astragalus
Bombus appositus,Astragalus
Bombus appositus,Astragalus
Bombus appositus,Carduus
Bombus appositus,Cirsium
Bombus appositus,Cirsium
Bombus appositus,Cirsium
Bombus appositus,Cirsium
Bombus appositus,Cirsium
Bombus appositus,Cirsium
Bombus appositus,Cirsium
Bombus appositus,Cirsium
Bombus appositus,Cirsium
Bombus appositus,Cirsium
Bombus appositus,Cirsium
Bombus appositus,Cleome
Bombus appositus,Delphinium
Bombus appositus,Delphinium
Bombus appositus,Delphinium
Bombus appositus,Delphinium
Bombus appositus,Delphinium
Bombus appositus,Delphinium
Bombus appositus,Delphinium
Bombus appositus,Delphinium
Bombus appositus,Delphinium
Bombus appositus,Delphinium
Bombus appositus,Delphinium
Bombus appositus,Delphinium
Bombus appositus,Delphinium
Bombus appositus,Delphinium
Bombus appositus,Delphinium
Bombus appositus,Delphinium
Bombus appositus,Delphinium
Bombus appositus,Astragalus
Bombus appositus,Astragalus
Bombus appositus,Barbarea
Bombus appositus,Bromus
Bombus appositus,Carduus
Bombus appositus,Carduus
Bombus appositus,Castilleja
Bombus appositus,Chrysothamnus
Bombus appositus,Cirsium
Bombus appositus,Cirsium
Bombus appositus,Cleome
Bombus appositus,Potentilla
Bombus appositus,Delphinium
Bombus appositus,Delphinium
Bombus appositus,Delphinium
Bombus appositus,Delphinium
Bombus appositus,Delphinium
Bombus appositus,Delphinium
Bombus appositus,Delphinium
Bombus appositus,Delphinium
Bombus appositus,Delphinium
Bombus appositus,Delphinium
Bombus appositus,Delphinium
Bombus appositus,Delphinium
Bombus appositus,Delphinium
Bombus appositus,Delphinium
Bombus appositus,Delphinium
Bombus appositus,Delphinium
Bombus appositus,Delphinium
Bombus appositus,Delphinium
Bombus appositus,Delphinium
Bombus appositus,Delphinium
Bombus appositus,Delphinium
Bombus appositus,Delphinium
Bombus appositus,Delphinium
Bombus appositus,Delphinium
Bombus appositus,Delphinium
Bombus appositus,Delphinium
Bombus appositus,Delphinium
Bombus appositus,Delphinium
Bombus appositus,Delphinium
Bombus appositus,Delphinium
Bombus appositus,Delphinium
Bombus appositus,Grindelia
Bombus appositus,Grindelia
Bombus appositus,Liatris
Bombus appositus,Liatris
Bombus appositus,Linaria
Bombus appositus,Linaria
Bombus appositus,Linaria
Bombus appositus,Linaria
Bombus appositus,Linaria
Bombus appositus,Linaria
Bombus appositus,Linaria
Bombus appositus,Linaria
Bombus appositus,Linaria
Bombus appositus,Linaria
Bombus appositus,Linaria
Bombus appositus,Linaria
Bombus appositus,Linaria
Bombus appositus,Linaria
Bombus appositus,Linaria
Bombus appositus,Linaria
Bombus appositus,Linaria
Bombus appositus,Monarda
Bombus appositus,Monarda
Bombus appositus,Monarda
Bombus appositus,Monarda
Bombus appositus,Monarda
Bombus appositus,Onosmodium
Bombus appositus,Onosmodium
Bombus appositus,Oxytropis
Bombus appositus,Oxytropis
Bombus appositus,Oxytropis
Bombus appositus,Oxytropis
Bombus appositus,Oxytropis
Bombus appositus,Oxytropis
Bombus appositus,Papaver
Bombus appositus,Pedicularis
Bombus appositus,Penstemon
Bombus appositus,Penstemon
Bombus appositus,Penstemon
Bombus appositus,Penstemon
Bombus appositus,Penstemon
Bombus appositus,Penstemon
Bombus appositus,Penstemon
Bombus appositus,Penstemon
Bombus appositus,Penstemon
Bombus appositus,Penstemon
Bombus appositus,Penstemon
Bombus appositus,Penstemon
Bombus appositus,Penstemon
Bombus appositus,Penstemon
Bombus appositus,Penstemon
Bombus appositus,Penstemon
Bombus appositus,Penstemon
Bombus appositus,Penstemon
Bombus appositus,Penstemon
Bombus appositus,Penstemon
Bombus appositus,Penstemon
Bombus appositus,Penstemon
Bombus appositus,Penstemon
Bombus appositus,Penstemon
Bombus appositus,Penstemon
Bombus appositus,Penstemon
Bombus appositus,Potentilla
Bombus appositus,Prunus
Bombus appositus,Salix
Bombus appositus,Taraxacum
Bombus appositus,Thermopsis
Bombus appositus,Thermopsis
Bombus appositus,Thermopsis
Bombus appositus,Thermopsis
Bombus appositus,Thermopsis
Bombus appositus,Thermopsis
Bombus appositus,Trifolium
Bombus appositus,Trifolium
Bombus appositus,Trifolium
Bombus appositus,Vicia
Bombus auricomus,Helianthus
Bombus auricomus,Ribes
Bombus auricomus,Symphoricarpos
Bombus balteatus,Achillea
Bombus balteatus,Achillea
Bombus balteatus,Aconitum
Bombus balteatus,Aconitum
Bombus balteatus,Aconitum
Bombus balteatus,Aconitum
Bombus balteatus,Aconitum
Bombus balteatus,Arnica
Bombus balteatus,Arnica
Bombus balteatus,Arnica
Bombus balteatus,Arnica
Bombus balteatus,Castilleja
Bombus balteatus,Castilleja
Bombus balteatus,Castilleja
Bombus balteatus,Castilleja
Bombus balteatus,Castilleja
Bombus balteatus,Castilleja
Bombus balteatus,Castilleja
Bombus balteatus,Castilleja
Bombus balteatus,Cirsium
Bombus balteatus,Cirsium
Bombus balteatus,Cirsium
Bombus balteatus,Cirsium
Bombus balteatus,Delphinium
Bombus balteatus,Delphinium
Bombus balteatus,Delphinium
Bombus balteatus,Delphinium
Bombus balteatus,Delphinium
Bombus balteatus,Delphinium
Bombus balteatus,Delphinium
Bombus balteatus,Delphinium
Bombus balteatus,Delphinium
Bombus balteatus,Delphinium
Bombus balteatus,Erysimum
Bombus balteatus,Gentiana
Bombus balteatus,Gutierrezia
Bombus balteatus,Mertensia
Bombus balteatus,Muscari
Bombus balteatus,Orthocarpus
Bombus balteatus,Penstemon
Bombus balteatus,Penstemon
Bombus balteatus,Phlox
Bombus balteatus,Primula
Bombus balteatus,Rubus
Bombus balteatus,Salix
Bombus balteatus,Salix
Bombus balteatus,Sedum
Bombus balteatus,Sedum
Bombus balteatus,Sedum
Bombus balteatus,Solidago
Bombus balteatus,Taraxacum
Bombus balteatus,Trifolium
Bombus balteatus,Trifolium
Bombus balteatus,Trifolium
Bombus balteatus,Trifolium
Bombus balteatus,Trifolium
Bombus balteatus,Trifolium
Bombus balteatus,Trifolium
Bombus balteatus,Trifolium
Bombus bifarius,Achillea
Bombus bifarius,Achillea
Bombus bifarius,Achillea
Bombus bifarius,Achillea
Bombus bifarius,Aster
Bombus bifarius,Astragalus
Bombus bifarius,Besseya
Bombus bifarius,Besseya
Bombus bifarius,Carduus
Bombus bifarius,Centaurea
Bombus bifarius,Chamerion
Bombus bifarius,Chamerion
Bombus bifarius,Chamerion
Bombus bifarius,Chysothamnus
Bombus bifarius,Cirsium
Bombus bifarius,Cirsium
Bombus bifarius,Cirsium
Bombus bifarius,Cirsium
Bombus bifarius,Cirsium
Bombus bifarius,Cirsium
Bombus bifarius,Cirsium
Bombus bifarius,Cirsium
Bombus bifarius,Cirsium
Bombus bifarius,Cirsium
Bombus bifarius,Cirsium
Bombus bifarius,Cirsium
Bombus bifarius,Cirsium
Bombus bifarius,Cirsium
Bombus bifarius,Cirsium
Bombus bifarius,Cirsium
Bombus bifarius,Cirsium
Bombus bifarius,Cirsium
Bombus bifarius,Cirsium
Bombus bifarius,Cirsium
Bombus bifarius,Cirsium
Bombus bifarius,Cirsium
Bombus bifarius,Cirsium
Bombus bifarius,Cirsium
Bombus bifarius,Claytonia
Bombus bifarius,Ericamerica
Bombus bifarius,Ericamerica
Bombus bifarius,Ericamerica
Bombus bifarius,Ericamerica
Bombus bifarius,Ericamerica
Bombus bifarius,Ericamerica
Bombus bifarius,Ericamerica
Bombus bifarius,Ericamerica
Bombus bifarius,Ericamerica
Bombus bifarius,Ericamerica
Bombus bifarius,Erigeron
Bombus bifarius,Eriogonum
Bombus bifarius,Eriogonum
Bombus bifarius,Eriogonum
Bombus bifarius,Eriogonum
Bombus bifarius,Frasera
Bombus bifarius,Geranium
Bombus bifarius,Geranium
Bombus bifarius,Geranium
Bombus bifarius,Geranium
Bombus bifarius,Geranium
Bombus bifarius,Geranium
Bombus bifarius,Geranium
Bombus bifarius,Geranium
Bombus bifarius,Geranium
Bombus bifarius,Grindelia
Bombus bifarius,Grindelia
Bombus bifarius,Grindelia
Bombus bifarius,Grindelia
Bombus bifarius,Grindelia
Bombus bifarius,Helianthella
Bombus bifarius,Helianthella
Bombus bifarius,Helianthella
Bombus bifarius,Helianthus
Bombus bifarius,Hydrophyllum
Bombus bifarius,Linaria
Bombus bifarius,Linaria
Bombus bifarius,Linaria
Bombus bifarius,Linaria
Bombus bifarius,Linaria
Bombus bifarius,Linaria
Bombus bifarius,Linaria
Bombus bifarius,Linaria
Bombus bifarius,Linaria
Bombus bifarius,Linaria
Bombus bifarius,Linaria
Bombus bifarius,Linaria
Bombus bifarius,Linaria
Bombus bifarius,Linaria
Bombus bifarius,Linaria
Bombus bifarius,Linaria
Bombus bifarius,Linaria
Bombus bifarius,Linum
Bombus bifarius,Lupinus
Bombus bifarius,Lupinus
Bombus bifarius,Lupinus
Bombus bifarius,Machaeranthera
Bombus bifarius,Melilotus
Bombus bifarius,Melilotus
Bombus bifarius,Melilotus
Bombus bifarius,Melilotus
Bombus bifarius,Melilotus
Bombus bifarius,Melilotus
Bombus bifarius,Melilotus
Bombus bifarius,Melilotus
Bombus bifarius,Melilotus
Bombus bifarius,Mentzelia
Bombus bifarius,Mentzelia
Bombus bifarius,Mentzelia
Bombus bifarius,Mertensia
Bombus bifarius,Monarda
Bombus bifarius,Monarda
Bombus bifarius,Oxytropis
Bombus bifarius,Oxytropis
Bombus bifarius,Oxytropis
Bombus bifarius,Penstemon
Bombus bifarius,Penstemon
Bombus bifarius,Penstemon
Bombus bifarius,Penstemon
Bombus bifarius,Penstemon
Bombus bifarius,Penstemon
Bombus bifarius,Ribes
Bombus bifarius,Rubus
Bombus bifarius,Rubus
Bombus bifarius,Rudbeckia
Bombus bifarius,Rudbeckia
Bombus bifarius,Salix
Bombus bifarius,Sedum
Bombus bifarius,Sedum
Bombus bifarius,Sedum
Bombus bifarius,Sedum
Bombus bifarius,Senecio
Bombus bifarius,Solidago
Bombus bifarius,Thermopsis
Bombus bifarius,Thermopsis
Bombus bifarius,Thermopsis
Bombus bifarius,Thermopsis
Bombus bifarius,Trifolium
Bombus bifarius,Trifolium
Bombus bifarius,Trifolium
Bombus bifarius,Vicia
Bombus bifarius,Viguiera
Bombus bifarius,Wyethia
Bombus bifarius,Wyethia
Bombus californicus,Achillea
Bombus californicus,Arnica
Bombus californicus,Aster
Bombus californicus,Cirsium
Bombus californicus,Delphinium
Bombus californicus,Delphinium
Bombus californicus,Delphinium
Bombus californicus,Delphinium
Bombus californicus,Gutierrezia
Bombus californicus,Heterotheca
Bombus californicus,Iris
Bombus californicus,Iris
Bombus californicus,Linaria
Bombus californicus,Lupinus
Bombus californicus,Monarda
Bombus californicus,Monarda
Bombus californicus,Monarda
Bombus californicus,Monarda
Bombus californicus,Monarda
Bombus californicus,Monarda
Bombus californicus,Monarda
Bombus californicus,Oxytropis
Bombus californicus,Oxytropis
Bombus californicus,Oxytropis
Bombus californicus,Oxytropis
Bombus californicus,Penstemon
Bombus californicus,Penstemon
Bombus californicus,Phacelia
Bombus californicus,Phlox
Bombus californicus,Taraxacum
Bombus californicus,Thermopsis
Bombus californicus,Thermopsis
Bombus californicus,Thermopsis
Bombus californicus,Thermopsis
Bombus californicus,Thermopsis
Bombus californicus,Trifolium
Bombus centralis,Allium
Bombus centralis,Aster
Bombus centralis,Astragalus
Bombus centralis,Astragalus
Bombus centralis,Carduus
Bombus centralis,Carduus
Bombus centralis,Carduus
Bombus centralis,Carduus
Bombus centralis,Carduus
Bombus centralis,Carduus
Bombus centralis,Ceanothus
Bombus centralis,Chrysothamnus
Bombus centralis,Cirsium
Bombus centralis,Cirsium
Bombus centralis,Cirsium
Bombus centralis,Cirsium
Bombus centralis,Cirsium
Bombus centralis,Cirsium
Bombus centralis,Cleome
Bombus centralis,Cleome
Bombus centralis,Cleome
Bombus centralis,Dalea
Bombus centralis,Delphinium
Bombus centralis,Ericamerica
Bombus centralis,Erigeron
Bombus centralis,Gaillardia
Bombus centralis,Geranium
Bombus centralis,Geranium
Bombus centralis,Geranium
Bombus centralis,Geranium
Bombus centralis,Geranium
Bombus centralis,Geranium
Bombus centralis,Geranium
Bombus centralis,Geranium
Bombus centralis,Geranium
Bombus centralis,Geranium
Bombus centralis,Geranium
Bombus centralis,Geranium
Bombus centralis,Geranium
Bombus centralis,Grindelia
Bombus centralis,Grindelia
Bombus centralis,Helianthella
Bombus centralis,Helianthus
Bombus centralis,Helianthus
Bombus centralis,Helianthus
Bombus centralis,Helianthus
Bombus centralis,Hydrophyllum
Bombus centralis,Liatris
Bombus centralis,Liatris
Bombus centralis,Linaria
Bombus centralis,Linaria
Bombus centralis,Linaria
Bombus centralis,Linaria
Bombus centralis,Linaria
Bombus centralis,Linaria
Bombus centralis,Linaria
Bombus centralis,Linaria
Bombus centralis,Linaria
Bombus centralis,Linaria
Bombus centralis,Linaria
Bombus centralis,Linaria
Bombus centralis,Lotus
Bombus centralis,Lupinus
Bombus centralis,Lupinus
Bombus centralis,Lupinus
Bombus centralis,Lupinus
Bombus centralis,Lupinus
Bombus centralis,Lupinus
Bombus centralis,Melilotus
Bombus centralis,Melilotus
Bombus centralis,Mentzelia
Bombus centralis,Mentzelia
Bombus centralis,Mentzelia
Bombus centralis,Mentzelia
Bombus centralis,Monarda
Bombus centralis,Monarda
Bombus centralis,Monarda
Bombus centralis,Monarda
Bombus centralis,Monarda
Bombus centralis,Monarda
Bombus centralis,Monarda
Bombus centralis,Monarda
Bombus centralis,Monarda
Bombus centralis,Monarda
Bombus centralis,Nepeta
Bombus centralis,Nepeta
Bombus centralis,Onopordum
Bombus centralis,Penstemon
Bombus centralis,Penstemon
Bombus centralis,Penstemon
Bombus centralis,Penstemon
Bombus centralis,Penstemon
Bombus centralis,Penstemon
Bombus centralis,Penstemon
Bombus centralis,Penstemon
Bombus centralis,Penstemon
Bombus centralis,Penstemon
Bombus centralis,Penstemon
Bombus centralis,Penstemon
Bombus centralis,Penstemon
Bombus centralis,Penstemon
Bombus centralis,Penstemon
Bombus centralis,Penstemon
Bombus centralis,Penstemon
Bombus centralis,Penstemon
Bombus centralis,Penstemon
Bombus centralis,Penstemon
Bombus centralis,Penstemon
Bombus centralis,Penstemon
Bombus centralis,Penstemon
Bombus centralis,Penstemon
Bombus centralis,Penstemon
Bombus centralis,Penstemon
Bombus centralis,Penstemon
Bombus centralis,Penstemon
Bombus centralis,Penstemon
Bombus centralis,Penstemon
Bombus centralis,Penstemon
Bombus centralis,Penstemon
Bombus centralis,Penstemon
Bombus centralis,Penstemon
Bombus centralis,Penstemon
Bombus centralis,Penstemon
Bombus centralis,Penstemon
Bombus centralis,Penstemon
Bombus centralis,Penstemon
Bombus centralis,Penstemon
Bombus centralis,Penstemon
Bombus centralis,Penstemon
Bombus centralis,Penstemon
Bombus centralis,Penstemon
Bombus centralis,Penstemon
Bombus centralis,Penstemon
Bombus centralis,Penstemon
Bombus centralis,Penstemon
Bombus centralis,Penstemon
Bombus centralis,Penstemon
Bombus centralis,Penstemon
Bombus centralis,Penstemon
Bombus centralis,Penstemon
Bombus centralis,Penstemon
Bombus centralis,Penstemon
Bombus centralis,Penstemon
Bombus centralis,Penstemon
Bombus centralis,Penstemon
Bombus centralis,Penstemon
Bombus centralis,Penstemon
Bombus centralis,Penstemon
Bombus centralis,Penstemon
Bombus centralis,Penstemon
Bombus centralis,Penstemon
Bombus centralis,Penstemon
Bombus centralis,Penstemon
Bombus centralis,Penstemon
Bombus centralis,Penstemon
Bombus centralis,Penstemon
Bombus centralis,Penstemon
Bombus centralis,Penstemon
Bombus centralis,Penstemon
Bombus centralis,Penstemon
Bombus centralis,Penstemon
Bombus centralis,Penstemon
Bombus centralis,Penstemon
Bombus centralis,Penstemon
Bombus centralis,Penstemon
Bombus centralis,Penstemon
Bombus centralis,Penstemon
Bombus centralis,Penstemon
Bombus centralis,Penstemon
Bombus centralis,Penstemon
Bombus centralis,Penstemon
Bombus centralis,Penstemon
Bombus centralis,Penstemon
Bombus centralis,Penstemon
Bombus centralis,Penstemon
Bombus centralis,Penstemon
Bombus centralis,Penstemon
Bombus centralis,Penstemon
Bombus centralis,Penstemon
Bombus centralis,Penstemon
Bombus centralis,Penstemon
Bombus centralis,Penstemon
Bombus centralis,Penstemon
Bombus centralis,Penstemon
Bombus centralis,Penstemon
Bombus centralis,Penstemon
Bombus centralis,Penstemon
Bombus centralis,Penstemon
Bombus centralis,Penstemon
Bombus centralis,Penstemon
Bombus centralis,Penstemon
Bombus centralis,Penstemon
Bombus centralis,Penstemon
Bombus centralis,Penstemon
Bombus centralis,Penstemon
Bombus centralis,Penstemon
Bombus centralis,Penstemon
Bombus centralis,Penstemon
Bombus centralis,Penstemon
Bombus centralis,Penstemon
Bombus centralis,Penstemon
Bombus centralis,Penstemon
Bombus centralis,Penstemon
Bombus centralis,Penstemon
Bombus centralis,Penstemon
Bombus centralis,Penstemon
Bombus centralis,Penstemon
Bombus centralis,Penstemon
Bombus centralis,Penstemon
Bombus centralis,Penstemon
Bombus centralis,Penstemon
Bombus centralis,Penstemon
Bombus centralis,Penstemon
Bombus centralis,Penstemon
Bombus centralis,Phacelia
Bombus centralis,Phacelia
Bombus centralis,Phacelia
Bombus centralis,Phacelia
Bombus centralis,Phacelia
Bombus centralis,Phacelia
Bombus centralis,Populus
Bombus centralis,Primula
Bombus centralis,Ratibida
Bombus centralis,Ribes
Bombus centralis,Ribes
Bombus centralis,Ribes
Bombus centralis,Rosa
Bombus centralis,Rosa
Bombus centralis,Rosa
Bombus centralis,Rubus
Bombus centralis,Rubus
Bombus centralis,Salix
Bombus centralis,Sedum
Bombus centralis,Symphoricarpos
Bombus centralis,Taraxacum
Bombus centralis,Thermopsis
Bombus centralis,Thermopsis
Bombus centralis,Thermopsis
Bombus centralis,Trifolium
Bombus centralis,Trifolium
Bombus fernaldae,Cirsium
Bombus fernaldae,Erigeron
Bombus fernaldae,Erigeron
Bombus fernaldae,Lupinus
Bombus fernaldae,Lupinus
Bombus fernaldae,Melilotus
Bombus fernaldae,Melilotus
Bombus fernaldae,Taraxacum
Bombus fernaldae,Taraxacum
Bombus fernaldae,Wyethia
Bombus fernaldae,Wyethia
Bombus fervidus,Artemisia
Bombus fervidus,Asclepias
Bombus fervidus,Astragalus
Bombus fervidus,Astragalus
Bombus fervidus,Astragalus
Bombus fervidus,Astragalus
Bombus fervidus,Carduus
Bombus fervidus,Carduus
Bombus fervidus,Carduus
Bombus fervidus,Carduus
Bombus fervidus,Carduus
Bombus fervidus,Carduus
Bombus fervidus,Carduus
Bombus fervidus,Chrysothamnus
Bombus fervidus,Cirsium
Bombus fervidus,Cirsium
Bombus fervidus,Cirsium
Bombus fervidus,Cirsium
Bombus fervidus,Cirsium
Bombus fervidus,Cirsium
Bombus fervidus,Cirsium
Bombus fervidus,Cirsium
Bombus fervidus,Cirsium
Bombus fervidus,Cirsium
Bombus fervidus,Cleome
Bombus fervidus,Corydalis
Bombus fervidus,Cylindropuntia
Bombus fervidus,Dalea
Bombus fervidus,Delphinium
Bombus fervidus,Dipsacus
Bombus fervidus,Dipsacus
Bombus fervidus,Ericameria
Bombus fervidus,Eriogonum
Bombus fervidus,Geranium
Bombus fervidus,Geranium
Bombus fervidus,Geranium
Bombus fervidus,Geranium
Bombus fervidus,Glycyrrhiza
Bombus fervidus,Glycyrrhiza
Bombus fervidus,Helianthus
Bombus fervidus,Helianthus
Bombus fervidus,Hypericum
Bombus fervidus,Lathyrus
Bombus fervidus,Liatris
Bombus fervidus,Liatris
Bombus fervidus,Liatris
Bombus fervidus,Liatris
Bombus fervidus,Liatris
Bombus fervidus,Liatris
Bombus fervidus,Liatris
Bombus fervidus,Liatris
Bombus fervidus,Liatris
Bombus fervidus,Liatris
Bombus fervidus,Liatris
Bombus fervidus,Liatris
Bombus fervidus,Liatris
Bombus fervidus,Liatris
Bombus fervidus,Liatris
Bombus fervidus,Liatris
Bombus fervidus,Liatris
Bombus fervidus,Liatris
Bombus fervidus,Liatris
Bombus fervidus,Liatris
Bombus fervidus,Liatris
Bombus fervidus,Liatris
Bombus fervidus,Liatris
Bombus fervidus,Liatris
Bombus fervidus,Liatris
Bombus fervidus,Liatris
Bombus fervidus,Liatris
Bombus fervidus,Liatris
Bombus fervidus,Liatris
Bombus fervidus,Liatris
Bombus fervidus,Liatris
Bombus fervidus,Liatris
Bombus fervidus,Liatris
Bombus fervidus,Lithospermum
Bombus fervidus,Lupinus
Bombus fervidus,Lupinus
Bombus fervidus,Lupinus
Bombus fervidus,Lupinus
Bombus fervidus,Lupinus
Bombus fervidus,Medicago
Bombus fervidus,Medicago
Bombus fervidus,Medicago
Bombus fervidus,Melilotus
Bombus fervidus,Melilotus
Bombus fervidus,Melilotus
Bombus fervidus,Melilotus
Bombus fervidus,Mentzelia
Bombus fervidus,Mentzelia
Bombus fervidus,Mentzelia
Bombus fervidus,Mentzelia
Bombus fervidus,Mentzelia
Bombus fervidus,Monarda
Bombus fervidus,Monarda
Bombus fervidus,Monarda
Bombus fervidus,Monarda
Bombus fervidus,Onopordum
Bombus fervidus,Onosmodium
Bombus fervidus,Onosmodium
Bombus fervidus,Oxytropis
Bombus fervidus,Oxytropis
Bombus fervidus,Penstemon
Bombus fervidus,Penstemon
Bombus fervidus,Penstemon
Bombus fervidus,Penstemon
Bombus fervidus,Penstemon
Bombus fervidus,Penstemon
Bombus fervidus,Potentilla
Bombus fervidus,Prunus
Bombus fervidus,Psoralidium
Bombus fervidus,Ratibida
Bombus fervidus,Ratibida
Bombus fervidus,Ribes
Bombus fervidus,Ribes
Bombus fervidus,Salvia
Bombus fervidus,Scutellaria
Bombus fervidus,Sedum
Bombus fervidus,Sedum
Bombus fervidus,Senecio
Bombus fervidus,Solanum
Bombus fervidus,Solanum
Bombus fervidus,Solidago
Bombus fervidus,Taraxacum
Bombus fervidus,Taraxacum
Bombus fervidus,Thermopsis
Bombus fervidus,UNKNOWN
Bombus fervidus,UNKNOWN
Bombus flavifrons,Aconitum
Bombus flavifrons,Aconitum
Bombus flavifrons,Aconitum
Bombus flavifrons,Aconitum
Bombus flavifrons,Aconitum
Bombus flavifrons,Aquilegia
Bombus flavifrons,Arnica
Bombus flavifrons,Arnica
Bombus flavifrons,Arnica
Bombus flavifrons,Arnica
Bombus flavifrons,Arnica
Bombus flavifrons,Arnica
Bombus flavifrons,Arnica
Bombus flavifrons,Carduus
Bombus flavifrons,Castilleja
Bombus flavifrons,Chamerion
Bombus flavifrons,Chamerion
Bombus flavifrons,Chamerion
Bombus flavifrons,Chrysothamnus
Bombus flavifrons,Cirsium
Bombus flavifrons,Cirsium
Bombus flavifrons,Cirsium
Bombus flavifrons,Cirsium
Bombus flavifrons,Cirsium
Bombus flavifrons,Cirsium
Bombus flavifrons,Cirsium
Bombus flavifrons,Cirsium
Bombus flavifrons,Cirsium
Bombus flavifrons,Cirsium
Bombus flavifrons,Cirsium
Bombus flavifrons,Dalea
Bombus flavifrons,Delphinium
Bombus flavifrons,Delphinium
Bombus flavifrons,Delphinium
Bombus flavifrons,Delphinium
Bombus flavifrons,Delphinium
Bombus flavifrons,Delphinium
Bombus flavifrons,Delphinium
Bombus flavifrons,Delphinium
Bombus flavifrons,Delphinium
Bombus flavifrons,Delphinium
Bombus flavifrons,Delphinium
Bombus flavifrons,Delphinium
Bombus flavifrons,Delphinium
Bombus flavifrons,Delphinium
Bombus flavifrons,Delphinium
Bombus flavifrons,Delphinium
Bombus flavifrons,Delphinium
Bombus flavifrons,Delphinium
Bombus flavifrons,Delphinium
Bombus flavifrons,Delphinium
Bombus flavifrons,Delphinium
Bombus flavifrons,Delphinium
Bombus flavifrons,Delphinium
Bombus flavifrons,Delphinium
Bombus flavifrons,Delphinium
Bombus flavifrons,Delphinium
Bombus flavifrons,Delphinium
Bombus flavifrons,Delphinium
Bombus flavifrons,Delphinium
Bombus flavifrons,Epilobium
Bombus flavifrons,Geranium
Bombus flavifrons,Geranium
Bombus flavifrons,Geranium
Bombus flavifrons,Geranium
Bombus flavifrons,Geranium
Bombus flavifrons,Helianthus
Bombus flavifrons,Hydrophyllum
Bombus flavifrons,Lathyrus
Bombus flavifrons,Lathyrus
Bombus flavifrons,Mertensia
Bombus flavifrons,Mertensia
Bombus flavifrons,Mertensia
Bombus flavifrons,Monarda
Bombus flavifrons,Monarda
Bombus flavifrons,Monarda
Bombus flavifrons,Monarda
Bombus flavifrons,Penstemon
Bombus flavifrons,Penstemon
Bombus flavifrons,Penstemon
Bombus flavifrons,Penstemon
Bombus flavifrons,Penstemon
Bombus flavifrons,Penstemon
Bombus flavifrons,Penstemon
Bombus flavifrons,Penstemon
Bombus flavifrons,Penstemon
Bombus flavifrons,Penstemon
Bombus flavifrons,Penstemon
Bombus flavifrons,Penstemon
Bombus flavifrons,Penstemon
Bombus flavifrons,Penstemon
Bombus flavifrons,Penstemon
Bombus flavifrons,Penstemon
Bombus flavifrons,Phacelia
Bombus flavifrons,Rhodiola
Bombus flavifrons,Rudbeckia
Bombus flavifrons,Salix
Bombus flavifrons,Saussurea
Bombus flavifrons,Sedum
Bombus flavifrons,Sedum
Bombus flavifrons,Sedum
Bombus flavifrons,Solidago
Bombus flavifrons,Taraxacum
Bombus flavifrons,Thermopsis
Bombus flavifrons,Trifolium
Bombus flavifrons,Trifolium
Bombus flavifrons,Trifolium
Bombus flavifrons,Trifolium
Bombus flavifrons,Trifolium
Bombus fraternus,Asclepias
Bombus fraternus,Asclepias
Bombus fraternus,Asclepias
Bombus fraternus,Astragalus
Bombus fraternus,Astragalus
Bombus fraternus,Astragalus
Bombus fraternus,Chrysothamnus
Bombus fraternus,Cleome
Bombus fraternus,Cleome
Bombus fraternus,Echinacea
Bombus fraternus,Helianthus
Bombus fraternus,Helianthus
Bombus fraternus,Helianthus
Bombus fraternus,Melilotus
Bombus fraternus,Mentzelia
Bombus fraternus,Solidago
Bombus fraternus,Prunus
Bombus fraternus,Prunus
Bombus fraternus,Rosa
Bombus fraternus,Salvia
Bombus fraternus,Solanum
Bombus fraternus,Solidago
Bombus frigidus,Arnica
Bombus frigidus,Campanula
Bombus frigidus,Campanula
Bombus frigidus,Campanula
Bombus frigidus,Cardamine
Bombus frigidus,Chamerion
Bombus frigidus,Chamerion
Bombus frigidus,Dryas
Bombus frigidus,Erigeron
Bombus frigidus,Penstemon
Bombus frigidus,Penstemon
Bombus frigidus,Rhodiola
Bombus frigidus,Salix
Bombus frigidus,Saussurea
Bombus frigidus,Sedum
Bombus frigidus,Senecio
Bombus frigidus,Senecio
Bombus frigidus,Solidago
Bombus frigidus,Taraxacum
Bombus frigidus,Trifolium
Bombus frigidus,Trifolium
Bombus griseocollis,Asclepias
Bombus griseocollis,Asclepias
Bombus griseocollis,Asclepias
Bombus griseocollis,Asclepias
Bombus griseocollis,Asclepias
Bombus griseocollis,Asclepias
Bombus griseocollis,Asclepias
Bombus griseocollis,Asclepias
Bombus griseocollis,Asclepias
Bombus griseocollis,Asclepias
Bombus griseocollis,Asclepias
Bombus griseocollis,Astragalus
Bombus griseocollis,Astragalus
Bombus griseocollis,Astragalus
Bombus griseocollis,Kochia
Bombus griseocollis,Carduus
Bombus griseocollis,Carduus
Bombus griseocollis,Carduus
Bombus griseocollis,Carduus
Bombus griseocollis,Chrysothamnus
Bombus griseocollis,Cichorium
Bombus griseocollis,Cleome
Bombus griseocollis,Dalea
Bombus griseocollis,Echinacea
Bombus griseocollis,Echinacea
Bombus griseocollis,Echinacea
Bombus griseocollis,Echinacea
Bombus griseocollis,Echinacea
Bombus griseocollis,Echinacea
Bombus griseocollis,Helianthus
Bombus griseocollis,Helianthus
Bombus griseocollis,Helianthus
Bombus griseocollis,Liatris
Bombus griseocollis,Liatris
Bombus griseocollis,Medicago
Bombus griseocollis,Medicago
Bombus griseocollis,Medicago
Bombus griseocollis,Melilotus
Bombus griseocollis,Melilotus
Bombus griseocollis,Melilotus
Bombus griseocollis,Melilotus
Bombus griseocollis,Melilotus
Bombus griseocollis,Melilotus
Bombus griseocollis,Melilotus
Bombus griseocollis,Mentzelia
Bombus griseocollis,Mentzelia
Bombus griseocollis,Onopordum
Bombus griseocollis,Onosmodium
Bombus griseocollis,Onosmodium
Bombus griseocollis,Onosmodium
Bombus griseocollis,Oxytropis
Bombus griseocollis,Penstemon
Bombus griseocollis,Potentilla
Bombus griseocollis,Prunus
Bombus griseocollis,Rosa
Bombus griseocollis,Rosa
Bombus griseocollis,Rosa
Bombus griseocollis,Securigera
Bombus griseocollis,Securigera
Bombus griseocollis,Solanum
Bombus griseocollis,Solanum
Bombus griseocollis,UNKNOWN
Bombus griseocollis,Verbesina
Bombus griseocollis,Vicia
Bombus huntii,Allium
Bombus huntii,Allium
Bombus huntii,Allium
Bombus huntii,Allium
Bombus huntii,Arnica
Bombus huntii,Arnica
Bombus huntii,Aster
Bombus huntii,Aster
Bombus huntii,Astragalus
Bombus huntii,Astragalus
Bombus huntii,Astragalus
Bombus huntii,Astragalus
Bombus huntii,Berberis
Bombus huntii,Berberis
Bombus huntii,Carduus
Bombus huntii,Chrysothamnus
Bombus huntii,Chrysothamnus
Bombus huntii,Chrysothamnus
Bombus huntii,Cichorium
Bombus huntii,Cichorium
Bombus huntii,Cirsium
Bombus huntii,Cirsium
Bombus huntii,Cirsium
Bombus huntii,Cirsium
Bombus huntii,Cirsium
Bombus huntii,Cirsium
Bombus huntii,Cirsium
Bombus huntii,Cirsium
Bombus huntii,Cirsium
Bombus huntii,Cirsium
Bombus huntii,Cirsium
Bombus huntii,Cirsium
Bombus huntii,Cirsium
Bombus huntii,Cleome
Bombus huntii,Cleome
Bombus huntii,Cleome
Bombus huntii,Oreocarya
Bombus huntii,Dipsacus
Bombus huntii,Dipsacus
Bombus huntii,Dipsacus
Bombus huntii,Echinacea
Bombus huntii,Echinacea
Bombus huntii,Ericamerica
Bombus huntii,Ericamerica
Bombus huntii,Erysimum
Bombus huntii,Fendlera
Bombus huntii,Geranium
Bombus huntii,Geranium
Bombus huntii,Geranium
Bombus huntii,Geranium
Bombus huntii,Grindelia
Bombus huntii,Gutierrezia
Bombus huntii,Helianthus
Bombus huntii,Helianthus
Bombus huntii,Helianthus
Bombus huntii,Helianthus
Bombus huntii,Helianthus
Bombus huntii,Helianthus
Bombus huntii,Helianthus
Bombus huntii,Helianthus
Bombus huntii,Helianthus
Bombus huntii,Helianthus
Bombus huntii,Helianthus
Bombus huntii,Liatris
Bombus huntii,Liatris
Bombus huntii,Liatris
Bombus huntii,Linaria
Bombus huntii,Linaria
Bombus huntii,Linaria
Bombus huntii,Linaria
Bombus huntii,Linaria
Bombus huntii,Linaria
Bombus huntii,Linaria
Bombus huntii,Linaria
Bombus huntii,Linaria
Bombus huntii,Linaria
Bombus huntii,Linaria
Bombus huntii,Linaria
Bombus huntii,Linaria
Bombus huntii,Linaria
Bombus huntii,Linaria
Bombus huntii,Lotus
Bombus huntii,Lotus
Bombus huntii,Lotus
Bombus huntii,Lotus
Bombus huntii,Lupinus
Bombus huntii,Lupinus
Bombus huntii,Lupinus
Bombus huntii,Lupinus
Bombus huntii,Malus
Bombus huntii,Malus
Bombus huntii,Medicago
Bombus huntii,Melilotus
Bombus huntii,Melilotus
Bombus huntii,Melilotus
Bombus huntii,Melilotus
Bombus huntii,Melilotus
Bombus huntii,Melilotus
Bombus huntii,Melilotus
Bombus huntii,Melilotus
Bombus huntii,Melilotus
Bombus huntii,Melilotus
Bombus huntii,Melilotus
Bombus huntii,Melilotus
Bombus huntii,Mentzelia
Bombus huntii,Mentzelia
Bombus huntii,Mentzelia
Bombus huntii,Mentzelia
Bombus huntii,Monarda
Bombus huntii,Nepeta
Bombus huntii,Nepeta
Bombus huntii,Nepeta
Bombus huntii,Nepeta
Bombus huntii,Oreocarya
Bombus huntii,Oxytropis
Bombus huntii,Penstemon
Bombus huntii,Penstemon
Bombus huntii,Penstemon
Bombus huntii,Penstemon
Bombus huntii,Penstemon
Bombus huntii,Penstemon
Bombus huntii,Penstemon
Bombus huntii,Penstemon
Bombus huntii,Penstemon
Bombus huntii,Penstemon
Bombus huntii,Penstemon
Bombus huntii,Penstemon
Bombus huntii,Penstemon
Bombus huntii,Penstemon
Bombus huntii,Penstemon
Bombus huntii,Penstemon
Bombus huntii,Penstemon
Bombus huntii,Penstemon
Bombus huntii,Penstemon
Bombus huntii,Penstemon
Bombus huntii,Penstemon
Bombus huntii,Penstemon
Bombus huntii,Penstemon
Bombus huntii,Penstemon
Bombus huntii,Penstemon
Bombus huntii,Penstemon
Bombus huntii,Penstemon
Bombus huntii,Penstemon
Bombus huntii,Penstemon
Bombus huntii,Penstemon
Bombus huntii,Penstemon
Bombus huntii,Penstemon
Bombus huntii,Penstemon
Bombus huntii,Penstemon
Bombus huntii,Penstemon
Bombus huntii,Penstemon
Bombus huntii,Penstemon
Bombus huntii,Penstemon
Bombus huntii,Penstemon
Bombus huntii,Penstemon
Bombus huntii,Penstemon
Bombus huntii,Penstemon
Bombus huntii,Penstemon
Bombus huntii,Penstemon
Bombus huntii,Penstemon
Bombus huntii,Penstemon
Bombus huntii,Penstemon
Bombus huntii,Penstemon
Bombus huntii,Penstemon
Bombus huntii,Penstemon
Bombus huntii,Penstemon
Bombus huntii,Penstemon
Bombus huntii,Penstemon
Bombus huntii,Penstemon
Bombus huntii,Penstemon
Bombus huntii,Penstemon
Bombus huntii,Penstemon
Bombus huntii,Penstemon
Bombus huntii,Penstemon
Bombus huntii,Penstemon
Bombus huntii,Penstemon
Bombus huntii,Penstemon
Bombus huntii,Penstemon
Bombus huntii,Penstemon
Bombus huntii,Penstemon
Bombus huntii,Penstemon
Bombus huntii,Penstemon
Bombus huntii,Phacelia
Bombus huntii,Phacelia
Bombus huntii,Physaria
Bombus huntii,Physaria
Bombus huntii,Physaria
Bombus huntii,Prunus
Bombus huntii,Prunus
Bombus huntii,Prunus
Bombus huntii,Prunus
Bombus huntii,Prunus
Bombus huntii,Ribes
Bombus huntii,Ribes
Bombus huntii,Ribes
Bombus huntii,Ribes
Bombus huntii,Ribes
Bombus huntii,Ribes
Bombus huntii,Rosa
Bombus huntii,Rosa
Bombus huntii,Rosa
Bombus huntii,Rubus
Bombus huntii,Salix
Bombus huntii,Securigera
Bombus huntii,Securigera
Bombus huntii,Sedum
Bombus huntii,Sedum
Bombus huntii,Senecio
Bombus huntii,Senecio
Bombus huntii,Senecio
Bombus huntii,Senecio
Bombus huntii,Senecio
Bombus huntii,Senecio
Bombus huntii,Senecio
Bombus huntii,Senecio
Bombus huntii,Senecio
Bombus huntii,Senecio
Bombus huntii,Solidago
Bombus huntii,Solidago
Bombus huntii,Solidago
Bombus huntii,Sophora
Bombus huntii,Stanleya
Bombus huntii,Stanleya
Bombus huntii,Taraxacum
Bombus huntii,Taraxacum
Bombus huntii,Taraxacum
Bombus huntii,Thermopsis
Bombus huntii,UNKNOWN
Bombus huntii,Verbascum
Bombus huntii,Verbesina
Bombus impatiens,Nepeta
Bombus insularis,Aster
Bombus insularis,Aster
Bombus insularis,Astragalus
Bombus insularis,Barbarea
Bombus insularis,Carduus
Bombus insularis,Chrysothamnus
Bombus insularis,Cirsium
Bombus insularis,Cirsium
Bombus insularis,Cirsium
Bombus insularis,Cirsium
Bombus insularis,Cirsium
Bombus insularis,Erigeron
Bombus insularis,Erysimum
Bombus insularis,Frasera
Bombus insularis,Frasera
Bombus insularis,Gaillardia
Bombus insularis,Geranium
Bombus insularis,Grindelia
Bombus insularis,Helianthus
Bombus insularis,Melilotus
Bombus insularis,Melilotus
Bombus insularis,Melilotus
Bombus insularis,Mertensia
Bombus insularis,Muscari
Bombus insularis,Nepeta
Bombus insularis,Nepeta
Bombus insularis,Potentilla
Bombus insularis,Prunus
Bombus insularis,Prunus
Bombus insularis,Prunus
Bombus insularis,Rudbeckia
Bombus insularis,Senecio
Bombus insularis,Solidago
Bombus insularis,Taraxacum
Bombus insularis,Taraxacum
Bombus insularis,Trifolium
Bombus insularis,Verbesina
Bombus insularis,Viguiera
Bombus insularis,Wyetha
Bombus insularis,Wyethia
Bombus insularis,Wyethia
"Bombus Latreille,",Achillea
"Bombus Latreille,",Penstemon
"Bombus Latreille,",Phacelia
"Bombus Latreille,",Potentilla
"Bombus Latreille,",Thermopsis
"Bombus Latreille,",Thermopsis
"Bombus Latreille,",Thermopsis
Bombus melanopygus,Eremogone
Bombus melanopygus,Arnica
Bombus melanopygus,Arnica
Bombus melanopygus,Astragalus
Bombus melanopygus,Cirsium
Bombus melanopygus,Dasiphora
Bombus melanopygus,Eremogone
Bombus melanopygus,Lloydia
Bombus melanopygus,Melilotus
Bombus melanopygus,Mertensia
Bombus melanopygus,Mertensia
Bombus melanopygus,Pedicularis
Bombus melanopygus,Pedicularis
Bombus melanopygus,Penstemon
Bombus melanopygus,Penstemon
Bombus melanopygus,Penstemon
Bombus melanopygus,Penstemon
Bombus melanopygus,Potentilla
Bombus melanopygus,Potentilla
Bombus melanopygus,Rosa
Bombus melanopygus,Rosa
Bombus melanopygus,Salix
Bombus melanopygus,Senecio
Bombus melanopygus,Senecio
Bombus melanopygus,Senecio
Bombus melanopygus,Senecio
Bombus melanopygus,Senecio
Bombus melanopygus,Senecio
Bombus melanopygus,Taraxacum
Bombus melanopygus,Trifolium
Bombus melanopygus,Trifolium
Bombus melanopygus,Trifolium
Bombus mixtus,Aquilegia
Bombus mixtus,Arnica
Bombus mixtus,Arnica
Bombus mixtus,Arnica
Bombus mixtus,Arnica
Bombus mixtus,Campanula
Bombus mixtus,Campanula
Bombus mixtus,Chamerion
Bombus mixtus,Chamerion
Bombus mixtus,Chamerion
Bombus mixtus,Cirsium
Bombus mixtus,Delphinium
Bombus mixtus,Delphinium
Bombus mixtus,Epilobium
Bombus mixtus,Frasera
Bombus mixtus,Geranium
Bombus mixtus,Heuchera
Bombus mixtus,Heuchera
Bombus mixtus,Hydrophyllum
Bombus mixtus,Lupinus
Bombus mixtus,Lupinus
Bombus mixtus,Mertensia
Bombus mixtus,Monarda
Bombus mixtus,Penstemon
Bombus mixtus,Sedum
Bombus mixtus,Sedum
Bombus mixtus,Sedum
Bombus mixtus,Senecio
Bombus mixtus,Senecio
Bombus mixtus,Senecio
Bombus mixtus,Senecio
Bombus mixtus,Senecio
Bombus mixtus,Senecio
Bombus mixtus,Solidago
Bombus mixtus,Taraxacum
Bombus mixtus,Taraxacum
Bombus mixtus,Taraxacum
Bombus mixtus,Taraxacum
Bombus mixtus,Taraxacum
Bombus mixtus,Trifolium
Bombus mixtus,Trifolium
Bombus morrisoni,Amelanchier
Bombus morrisoni,Asclepias
Bombus morrisoni,Asclepias
Bombus morrisoni,Aster
Bombus morrisoni,Aster
Bombus morrisoni,Astragalus
Bombus morrisoni,Astragalus
Bombus morrisoni,Astragalus
Bombus morrisoni,Carduus
Bombus morrisoni,Chrysothamnus
Bombus morrisoni,Cirsium
Bombus morrisoni,Cirsium
Bombus morrisoni,Cirsium
Bombus morrisoni,Cirsium
Bombus morrisoni,Cleome
Bombus morrisoni,Cleome
Bombus morrisoni,Cleome
Bombus morrisoni,Cleome
Bombus morrisoni,Ericamerica
Bombus morrisoni,Erysimum
Bombus morrisoni,Fendlera
Bombus morrisoni,Helianthus
Bombus morrisoni,Lupinus
Bombus morrisoni,Machaeranthera
Bombus morrisoni,Melilotus
Bombus morrisoni,Melilotus
Bombus morrisoni,Melilotus
Bombus morrisoni,Mentzelia
Bombus morrisoni,Mentzelia
Bombus morrisoni,Mentzelia
Bombus morrisoni,Mentzelia
Bombus morrisoni,Mentzelia
Bombus morrisoni,Monarda
Bombus morrisoni,Oxytropis
Bombus morrisoni,Penstemon
Bombus morrisoni,Penstemon
Bombus morrisoni,Penstemon
Bombus morrisoni,Prunus
Bombus morrisoni,Prunus
Bombus morrisoni,Prunus
Bombus morrisoni,Salix
Bombus morrisoni,Salvia
Bombus morrisoni,Stanleya
Bombus morrisoni,Stanleya
Bombus morrisoni,Tamarix
Bombus morrisoni,Taraxacum
Bombus morrisoni,Thermopsis
Bombus morrisoni,Trifolium
Bombus morrisoni,Trifolium
Bombus nevadensis,Achillea
Bombus nevadensis,Achillea
Bombus nevadensis,Asclepias
Bombus nevadensis,Asclepias
Bombus nevadensis,Astragalus
Bombus nevadensis,Astragalus
Bombus nevadensis,Astragalus
Bombus nevadensis,Astragalus
Bombus nevadensis,Astragalus
Bombus nevadensis,Astragalus
Bombus nevadensis,Carduus
Bombus nevadensis,Carduus
Bombus nevadensis,Carduus
Bombus nevadensis,Carduus
Bombus nevadensis,Carduus
Bombus nevadensis,Carduus
Bombus nevadensis,Carduus
Bombus nevadensis,Carduus
Bombus nevadensis,Chrysothamnus
Bombus nevadensis,Cichorium
Bombus nevadensis,Cirsium
Bombus nevadensis,Cirsium
Bombus nevadensis,Cleome
Bombus nevadensis,Daucus
Bombus nevadensis,Daucus
Bombus nevadensis,Delphinium
Bombus nevadensis,Delphinium
Bombus nevadensis,Delphinium
Bombus nevadensis,Delphinium
Bombus nevadensis,Delphinium
Bombus nevadensis,Delphinium
Bombus nevadensis,Delphinium
Bombus nevadensis,Delphinium
Bombus nevadensis,Delphinium
Bombus nevadensis,Eriogonum
Bombus nevadensis,Eriogonum
Bombus nevadensis,Euphorbia
Bombus nevadensis,Euphorbia
Bombus nevadensis,Euphorbia
Bombus nevadensis,Euphorbia
Bombus nevadensis,Euphorbia
Bombus nevadensis,Euphorbia
Bombus nevadensis,Euphorbia
Bombus nevadensis,Glycyrrhiza
Bombus nevadensis,Gypsophila
Bombus nevadensis,Helianthus
Bombus nevadensis,Liatris
Bombus nevadensis,Liatris
Bombus nevadensis,Linaria
Bombus nevadensis,Linaria
Bombus nevadensis,Lupinus
Bombus nevadensis,Lupinus
Bombus nevadensis,Lupinus
Bombus nevadensis,Medicago
Bombus nevadensis,Monarda
Bombus nevadensis,Monarda
Bombus nevadensis,Monarda
Bombus nevadensis,Monarda
Bombus nevadensis,Monarda
Bombus nevadensis,Nepeta
Bombus nevadensis,Solidago
Bombus nevadensis,Onosmodium
Bombus nevadensis,Oxytropis
Bombus nevadensis,Oxytropis
Bombus nevadensis,Oxytropis
Bombus nevadensis,Oxytropis
Bombus nevadensis,Oxytropis
Bombus nevadensis,Oxytropis
Bombus nevadensis,Penstemon
Bombus nevadensis,Penstemon
Bombus nevadensis,Penstemon
Bombus nevadensis,Penstemon
Bombus nevadensis,Penstemon
Bombus nevadensis,Penstemon
Bombus nevadensis,Penstemon
Bombus nevadensis,Penstemon
Bombus nevadensis,Penstemon
Bombus nevadensis,Penstemon
Bombus nevadensis,Penstemon
Bombus nevadensis,Penstemon
Bombus nevadensis,Penstemon
Bombus nevadensis,Penstemon
Bombus nevadensis,Penstemon
Bombus nevadensis,Penstemon
Bombus nevadensis,Penstemon
Bombus nevadensis,Penstemon
Bombus nevadensis,Penstemon
Bombus nevadensis,Penstemon
Bombus nevadensis,Penstemon
Bombus nevadensis,Phacelia
Bombus nevadensis,Prunus
Bombus nevadensis,Ratibida
Bombus nevadensis,Ratibida
Bombus nevadensis,Salix
Bombus nevadensis,Scutellaria
Bombus nevadensis,Securigera
Bombus nevadensis,Securigera
Bombus nevadensis,Solidago
Bombus nevadensis,Stanleya
Bombus nevadensis,Taraxacum
Bombus nevadensis,Thermopsis
Bombus nevadensis,Thermopsis
Bombus nevadensis,Thermopsis
Bombus nevadensis,Trifolium
Bombus nevadensis,Trifolium
Bombus nevadensis,Trifolium
Bombus nevadensis,Trifolium
Bombus nevadensis,Wyethia
Bombus nevadensis,Wyethia
Bombus nevadensis,Wyethia
Bombus nevadensis,Wyethia
Bombus nevadensis,Wyethia
Bombus nevadensis,Wyethia
Bombus nevadensis,Wyethia
Bombus nevadensis,Wyethia
Bombus nevadensis,Wyethia
Bombus occidentalis,Arnica
Bombus occidentalis,Arnica
Bombus occidentalis,Aster
Bombus occidentalis,Astragalus
Bombus occidentalis,Astragalus
Bombus occidentalis,Chamerion
Bombus occidentalis,Chrysothamnus
Bombus occidentalis,Cirsium
Bombus occidentalis,Cirsium
Bombus occidentalis,Cirsium
Bombus occidentalis,Cirsium
Bombus occidentalis,Cirsium
Bombus occidentalis,Cirsium
Bombus occidentalis,Cirsium
Bombus occidentalis,Cirsium
Bombus occidentalis,Cirsium
Bombus occidentalis,Cirsium
Bombus occidentalis,Cirsium
Bombus occidentalis,Cirsium
Bombus occidentalis,Cirsium
Bombus occidentalis,Cirsium
Bombus occidentalis,Cirsium
Bombus occidentalis,Cirsium
Bombus occidentalis,Cleome
Bombus occidentalis,Cleome
Bombus occidentalis,Ericamerica
Bombus occidentalis,Ericamerica
Bombus occidentalis,Erigeron
Bombus occidentalis,Geranium
Bombus occidentalis,Geranium
Bombus occidentalis,Grindelia
Bombus occidentalis,Heracleum
Bombus occidentalis,Linaria
Bombus occidentalis,Linaria
Bombus occidentalis,Linaria
Bombus occidentalis,Linaria
Bombus occidentalis,Linaria
Bombus occidentalis,Lupinus
Bombus occidentalis,Lupinus
Bombus occidentalis,Lupinus
Bombus occidentalis,Lupinus
Bombus occidentalis,Lupinus
Bombus occidentalis,Melilotus
Bombus occidentalis,Melilotus
Bombus occidentalis,Melilotus
Bombus occidentalis,Melilotus
Bombus occidentalis,Melilotus
Bombus occidentalis,Monarda
Bombus occidentalis,Monarda
Bombus occidentalis,Oxytropis
Bombus occidentalis,Pedicularis
Bombus occidentalis,Pedicularis
Bombus occidentalis,Penstemon
Bombus occidentalis,Penstemon
Bombus occidentalis,Potentilla
Bombus occidentalis,Potentilla
Bombus occidentalis,Potentilla
Bombus occidentalis,Rubus
Bombus occidentalis,Rubus
Bombus occidentalis,Rubus
Bombus occidentalis,Rudbeckia
Bombus occidentalis,Salix
Bombus occidentalis,Senecio
Bombus occidentalis,Solidago
Bombus occidentalis,Taraxacum
Bombus occidentalis,Trifolium
Bombus pensylvanicus,Asclepias
Bombus pensylvanicus,Astragalus
Bombus pensylvanicus,Astragalus
Bombus pensylvanicus,Centaurea
Bombus pensylvanicus,Centaurea
Bombus pensylvanicus,Ericamerica
Bombus pensylvanicus,Chrysothamnus
Bombus pensylvanicus,Cirsium
Bombus pensylvanicus,Cirsium
Bombus pensylvanicus,Cirsium
Bombus pensylvanicus,Cleome
Bombus pensylvanicus,Cleome
Bombus pensylvanicus,Cleome
Bombus pensylvanicus,Cylindropuntia
Bombus pensylvanicus,Cylindropuntia
Bombus pensylvanicus,Dalea
Bombus pensylvanicus,Dipsacus
Bombus pensylvanicus,Dipsacus
Bombus pensylvanicus,Ericameria
Bombus pensylvanicus,Grindelia
Bombus pensylvanicus,Helianthus
Bombus pensylvanicus,Helianthus
Bombus pensylvanicus,Helianthus
Bombus pensylvanicus,Helianthus
Bombus pensylvanicus,Helianthus
Bombus pensylvanicus,Helianthus
Bombus pensylvanicus,Helianthus
Bombus pensylvanicus,Helianthus
Bombus pensylvanicus,Helianthus
Bombus pensylvanicus,Helianthus
Bombus pensylvanicus,Helianthus
Bombus pensylvanicus,Helianthus
Bombus pensylvanicus,Hibiscus
Bombus pensylvanicus,Lathyrus
Bombus pensylvanicus,Liatris
Bombus pensylvanicus,Liatris
Bombus pensylvanicus,Liatris
Bombus pensylvanicus,Liatris
Bombus pensylvanicus,Liatris
Bombus pensylvanicus,Liatris
Bombus pensylvanicus,Lithospermum
Bombus pensylvanicus,Lobelia
Bombus pensylvanicus,Medicago
Bombus pensylvanicus,Medicago
Bombus pensylvanicus,Medicago
Bombus pensylvanicus,Medicago
Bombus pensylvanicus,Medicago
Bombus pensylvanicus,Medicago
Bombus pensylvanicus,Medicago
Bombus pensylvanicus,Medicago
Bombus pensylvanicus,Melilotus
Bombus pensylvanicus,Melilotus
Bombus pensylvanicus,Melilotus
Bombus pensylvanicus,Melilotus
Bombus pensylvanicus,Melilotus
Bombus pensylvanicus,Mentzelia
Bombus pensylvanicus,Oenothera
Bombus pensylvanicus,Onosmodium
Bombus pensylvanicus,Onosmodium
Bombus pensylvanicus,Opuntia
Bombus pensylvanicus,Oxytropis
Bombus pensylvanicus,Penstemon
Bombus pensylvanicus,Penstemon
Bombus pensylvanicus,Prunus
Bombus pensylvanicus,Ribes
Bombus pensylvanicus,Rubus
Bombus pensylvanicus,Salvia
Bombus pensylvanicus,Senecio
Bombus pensylvanicus,Solanum
Bombus pensylvanicus,Solanum
Bombus pensylvanicus,Solanum
Bombus pensylvanicus,Solanum
Bombus pensylvanicus,Solanum
Bombus pensylvanicus,Solanum
Bombus pensylvanicus,Solanum
Bombus pensylvanicus,Solidago
Bombus pensylvanicus,Symphoricarpos
Bombus pensylvanicus,Symphoricarpos
Bombus pensylvanicus,Taraxacum
Bombus pensylvanicus,Thermopsis
Bombus pensylvanicus,UNKNOWN
Bombus pensylvanicus,UNKNOWN
Bombus pensylvanicus,Verbesina
Bombus rufocinctus,Apocynum
Bombus rufocinctus,Apocynum
Bombus rufocinctus,Asclepias
Bombus rufocinctus,Astragalus
Bombus rufocinctus,Astragalus
Bombus rufocinctus,Astragalus
Bombus rufocinctus,Astragalus
Bombus rufocinctus,Astragalus
Bombus rufocinctus,Astragalus
Bombus rufocinctus,Astragalus
Bombus rufocinctus,Astragalus
Bombus rufocinctus,Campanula
Bombus rufocinctus,Campanula
Bombus rufocinctus,Campanula
Bombus rufocinctus,Campanula
Bombus rufocinctus,Carduus
Bombus rufocinctus,Cirsium
Bombus rufocinctus,Cirsium
Bombus rufocinctus,Cirsium
Bombus rufocinctus,Cirsium
Bombus rufocinctus,Cirsium
Bombus rufocinctus,Cirsium
Bombus rufocinctus,Cirsium
Bombus rufocinctus,Cirsium
Bombus rufocinctus,Cynoglossum
Bombus rufocinctus,Erigeron
Bombus rufocinctus,Geranium
Bombus rufocinctus,Geranium
Bombus rufocinctus,Geranium
Bombus rufocinctus,Geranium
Bombus rufocinctus,Geranium
Bombus rufocinctus,Geranium
Bombus rufocinctus,Glycrrhiza
Bombus rufocinctus,Helianthella
Bombus rufocinctus,Helianthus
Bombus rufocinctus,Heracleum
Bombus rufocinctus,Heterotheca
Bombus rufocinctus,Iris
Bombus rufocinctus,Iris
Bombus rufocinctus,Liatris
Bombus rufocinctus,Liatris
Bombus rufocinctus,Melilotus
Bombus rufocinctus,Melilotus
Bombus rufocinctus,Onosmodium
Bombus rufocinctus,Oxytropis
Bombus rufocinctus,Oxytropis
Bombus rufocinctus,Penstemon
Bombus rufocinctus,Penstemon
Bombus rufocinctus,Phacelia
Bombus rufocinctus,Phacelia
Bombus rufocinctus,Potentilla
Bombus rufocinctus,Potentilla
Bombus rufocinctus,Potentilla
Bombus rufocinctus,Potentilla
Bombus rufocinctus,Potentilla
Bombus rufocinctus,Rubus
Bombus rufocinctus,Rubus
Bombus rufocinctus,Sedum
Bombus rufocinctus,Sedum
Bombus rufocinctus,Sedum
Bombus rufocinctus,Sidalcea
Bombus rufocinctus,Solidago
Bombus rufocinctus,Solidago
Bombus rufocinctus,Solidago
Bombus rufocinctus,Solidago
Bombus rufocinctus,Solidago
Bombus rufocinctus,Solidago
Bombus rufocinctus,Solidago
Bombus rufocinctus,Symphoricarpos
Bombus rufocinctus,Taraxacum
Bombus rufocinctus,Wyethia
Bombus rufocintus,Aquilegia
Bombus rufocintus,Aster
Bombus rufocintus,Aster
Bombus rufocintus,Astragalus
Bombus rufocintus,Astragalus
Bombus rufocintus,Astragalus
Bombus rufocintus,Barbarea
Bombus rufocintus,Campanula
Bombus rufocintus,Carduus
Bombus rufocintus,Carduus
Bombus rufocintus,Chrysothamnus
Bombus rufocintus,Cirsium
Bombus rufocintus,Cirsium
Bombus rufocintus,Cosmos
Bombus rufocintus,Crataegus
Bombus rufocintus,Cynoglossum
Bombus rufocintus,Potentilla
Bombus rufocintus,Ericamerica
Bombus rufocintus,Erigeron
Bombus rufocintus,Erigeron
Bombus rufocintus,Eriogonum
Bombus rufocintus,Gaillardia
Bombus rufocintus,Geranium
Bombus rufocintus,Glycyrrhiza
Bombus rufocintus,Grindelia
Bombus rufocintus,Helianthella
Bombus rufocintus,Helianthus
Bombus rufocintus,Heterotheca
Bombus rufocintus,Iris
Bombus rufocintus,Liatris
Bombus rufocintus,Lupinus
Bombus rufocintus,Melilotus
Bombus rufocintus,Melilotus
Bombus rufocintus,Solidago
Bombus rufocintus,Onosmodium
Bombus rufocintus,Oxytropis
Bombus rufocintus,Penstemon
Bombus rufocintus,Penstemon
Bombus rufocintus,Phacelia
Bombus rufocintus,Phacelia
Bombus rufocintus,Polemonium
Bombus rufocintus,Potentilla
Bombus rufocintus,Ratibida
Bombus rufocintus,Rosa
Bombus rufocintus,Rubus
Bombus rufocintus,Rudbeckia
Bombus rufocintus,Sedum
Bombus rufocintus,Senecio
Bombus rufocintus,Sidalcea
Bombus rufocintus,Solidago
Bombus rufocintus,Stanleya
Bombus rufocintus,Symphoricarpos
Bombus rufocintus,Taraxacum
Bombus rufocintus,Thermopsis
Bombus rufocintus,Trifolium
Bombus rufocintus,Viguiera
Bombus rufocintus,Wyethia
Bombus suckleyi,Chrysothamnus
Bombus suckleyi,Ericamerica
Bombus suckleyi,Heliomeris
Bombus suckleyi,Heliomeris
Bombus suckleyi,Heliomeris
Bombus suckleyi,Heliomeris
Bombus suckleyi,Heliomeris
Bombus suckleyi,Heliomeris
Bombus suckleyi,Heliomeris
Bombus suckleyi,Heliomeris
Bombus suckleyi,Heliomeris
Bombus suckleyi,Lupinus
Bombus suckleyi,Mertensia
Bombus suckleyi,Mertensia
Bombus suckleyi,Rudbeckia
Bombus suckleyi,Solidago
Bombus suckleyi,Trifolium
Bombus suckleyi,Trifolium
Bombus sylvicola,Achillea
Bombus sylvicola,Arctostaphylos
Bombus sylvicola,Arnica
Bombus sylvicola,Arnica
Bombus sylvicola,Arnica
Bombus sylvicola,Arnica
Bombus sylvicola,Arnica
Bombus sylvicola,Bistorta
Bombus sylvicola,Bistorta
Bombus sylvicola,Chamerion
Bombus sylvicola,Chamerion
Bombus sylvicola,Chrysothamnus
Bombus sylvicola,Cirsium
Bombus sylvicola,Cirsium
Bombus sylvicola,Cirsium
Bombus sylvicola,Cirsium
Bombus sylvicola,Delphinium
Bombus sylvicola,Delphinium
Bombus sylvicola,Dryas
Bombus sylvicola,Dryas
Bombus sylvicola,Erigeron
Bombus sylvicola,Erigeron
Bombus sylvicola,Gentiana
Bombus sylvicola,Gentiana
Bombus sylvicola,Grindelia
Bombus sylvicola,Heterotheca
Bombus sylvicola,Melilotus
Bombus sylvicola,Melilotus
Bombus sylvicola,Pedicularis
Bombus sylvicola,Pedicularis
Bombus sylvicola,Pedicularis
Bombus sylvicola,Penstemon
Bombus sylvicola,Phacelia
Bombus sylvicola,Bistorta
Bombus sylvicola,Potentilla
Bombus sylvicola,Primula
Bombus sylvicola,Sagina
Bombus sylvicola,Salix
Bombus sylvicola,Salix
Bombus sylvicola,Salix
Bombus sylvicola,Saussurea
Bombus sylvicola,Sedum
Bombus sylvicola,Sedum
Bombus sylvicola,Sedum
Bombus sylvicola,Sedum
Bombus sylvicola,Sedum
Bombus sylvicola,Senecio
Bombus sylvicola,Senecio
Bombus sylvicola,Senecio
Bombus sylvicola,Senecio
Bombus sylvicola,Senecio
Bombus sylvicola,Senecio
Bombus sylvicola,Senecio
Bombus sylvicola,Senecio
Bombus sylvicola,Senecio
Bombus sylvicola,Senecio
Bombus sylvicola,Solidago
Bombus sylvicola,Taraxacum
Bombus sylvicola,Taraxacum
Bombus sylvicola,Taraxacum
Bombus sylvicola,Tetraneuris
Bombus sylvicola,Trifolium
Bombus sylvicola,Trifolium
Bombus sylvicola,Trifolium
Bombus sylvicola,Trifolium
Bombus sylvicola,Trifolium
Bombus sylvicola,Trifolium
Bombus sylvicola,Trifolium
Bombus sylvicola,Trifolium
Bombus sylvicola,Trifolium
Bombus sylvicola,Trifolium
Bombus sylvicola,Trifolium
Bombus sylvicola,Trifolium
Bombus sylvicola,Trifolium
Bombus sylvicola,Trifolium
Bombus sylvicola,Trifolium
Bombus sylvicola,Trifolium
Bombus sylvicola,Trifolium
Bombus sylvicola,Trifolium
Bombus sylvicola,Trifolium
Bombus sylvicola,Trifolium
Bombus sylvicola,Trifolium
Bombus sylvicola,Trifolium
Bombus sylvicola,Trifolium
Bombus sylvicola,Trifolium
Bombus sylvicola,Vaccinium
Bombus variabilis,NA
Bombus vosnesenskii,Securigera
